tx,block,log_index,timestamp,timestamp_utc,main_account_transaction,direction,a0in,a1in,a0out,a1out,net_MOO_to_pool,net_mCELO_to_pool,pre0,pre1,post0,post1,pre_mCELO_per_MOO,post_mCELO_per_MOO
0x8d87b97d0a1a104a3c03e6bafde0b7afdde8c9425e6fa025870112f49d33ede3,15688259,33,1666109289,2022-10-18T16:08:09+00:00,True,buy_MOO,0,150000000001514759155218,2848531796185680747859642,0,-2848531.796185680747859642,150000.000001514759155218,5205732343331259544413528,123754750534173933579032,2357200547145578796553886,273754750535688692734250,0.0237727839950719825134473389896114629790268175604315056096554,0.116135536650535921104860179721307661011136626746806186007509
0x1eb0eda439e526201b3aa08dc80110c50d758e0cfcdf2067597b8bde0e377e4e,15688269,256,1666109339,2022-10-18T16:08:59+00:00,True,buy_MOO,0,50000000000000000000000,452048099302148772323792,0,-452048.099302148772323792,50000,2656001748459722377843615,243042918618865654719812,2203953649157573605519823,293042918618865654719812,0.0915070627343569844104216142374483348898704787203369465788622,0.132962378192879270207133891382638480860482134095413113225665
0x031d0858fdb2f3fa6809cd01cd7e039ce9dfe161b1d299a983cbf09acd330d47,15688284,87,1666109414,2022-10-18T16:10:14+00:00,True,buy_MOO,0,100000000002614855145002,584047440747855365968905,0,-584047.440747855365968905,100000.000002614855145002,2258999985855610386858012,285923295089545988069764,1674952545107755020889107,385923295092160843214766,0.126570737883936174556453277061494884347649885933130970868511,0.230408494986544929859169917915569688787399312059412162087466
0x996474b540075d3862b7480277db499fa4b2d9bfcef0a8a1fc5d4f3a362a8f1a,15688299,102,1666109489,2022-10-18T16:11:29+00:00,True,buy_MOO,0,120000000034436649012114,420581872741806301468560,0,-420581.87274180630146856,120000.000034436649012114,1732402673947350188192965,373164539006606219318927,1311820801205543886724405,493164539041042868331041,0.215402887918855256183093713134034228040863757378965861795773,0.375938953390456959738406788419882931357860739592227850370158
0x66ec1c2b17585c8c359ff9e36aaef3bd63cf9d34988e9d69536e4c91d1327dff,15688320,26,1666109594,2022-10-18T16:13:14+00:00,True,buy_MOO,0,350000000214417743256909,572381883937804421840802,0,-572381.883937804421840802,350000.000214417743256909,1355391988830443377436427,477358532423391571680825,783010104892638955595625,827358532637809314937734,0.352192233949457183461643370112163138703590848754618425115647,1.05663838495577412184781184971585449695221258846171981881670
0x5bd51ebb4858f52e3ae0a5bb18f80d64868f79633eb1f671e7aa6cd3e0ed4ecf,15688332,130,1666109654,2022-10-18T16:14:14+00:00,True,buy_MOO,0,143817920683322360000000,130727576128627835617836,0,-130727.576128627835617836,143817.92068332236,836750631885534450109796,774390182453434396161337,706023055756906614491960,918208103136756756161337,0.925473077574405920370396323253800836598873423550370093000260,1.30053557833514767380696531774169066210823403860662359558209
0x581d0136b094d6b6eb6e8e66b0ddca13818e6618aecff78ffb09410bdbdd209c,15688339,54,1666109689,2022-10-18T16:14:49+00:00,True,buy_MOO,0,289941286756380848782182,173531967033706037215205,0,-173531.967033706037215205,289941.286756380848782182,716616098546469007319301,904675528481934145819335,543084131512762970104096,1194616815238314994601517,1.26242702378150721269506725118911544591580866871635652288712,2.19969015097293524026741888104835092953340893683483338783714
0x746b9f9250be7ae884d66bce187668fb8e25c32641cee8446aa6233a73e60d80,15688346,52,1666109724,2022-10-18T16:15:24+00:00,True,buy_MOO,0,231457562320109343452022,92112619193407341512565,0,-92112.619193407341512565,231457.562320109343452022,557046064445832751500202,1164764663380291473231247,464933445252425409987637,1396222225700400816683269,2.09096650658332292301492485186091099729711246996324415370049,3.00305826555960628468580769337151403319051811461806514004911
0x47e4b373c1364aa4700ff4c038c97d7994ec09c92ce26e35f6047c186e140438,15688411,83,1666110049,2022-10-18T16:20:49+00:00,True,buy_MOO,0,492863289330953859816982,128610639694356387866889,0,-128610.639694356387866889,492863.289330953859816982,481547019350138113329452,1348469444777885824695756,352936379655781725462563,1841332734108839684512738,2.80028614152297123517297079491676981577063121706043391682651,5.21718031987716452515189622683736649062114374429136781588180
