episode_id,block,timestamp_utc,tx_index,tx_hash,origin,input_weth,actual_pepe,counterfactual_pepe,shortfall_pepe,shortfall_bps,counterfactual_reserve0_raw,counterfactual_reserve1_raw,input_raw,actual_output_raw,counterfactual_output_raw
17070040-7,17070040,2023-04-18T00:29:23+00:00,8,0x9491232feccf49b65a79e172826f15eb4d716c6887ab6f732f41f1b1d03e4dcd,0x322e9313fba28fa9b21b0532b92b49077f107070,3.610090956873247782,91125518089.315649730676525978,91958534765.7826439540174926,833016676.466994223340966622,90.58611890551304996241973068191965436644715401490992739507633895892625,6902493782368692295866849323534,266564618674550616812,3610090956873247782,91125518089315649730676525978,91958534765782643954017492600
17070107-28,17070107,2023-04-18T00:42:59+00:00,29,0x20b46dced8813178f0fdd64f446dcb0b786867b2f810caf18523bd488c1ca136,0x40a22570cb14721c59821cff6809c5be85775792,0.019825,545837019.367181381522201968,561877402.365562010297632724,16040382.998380628775430756,285.4783433334203582526435485528040423197411018083141474863981492308993,7241427688734869895863071728104,254716622546110471852,19825000000000000,545837019367181381522201968,561877402365562010297632724
17070107-28,17070107,2023-04-18T00:42:59+00:00,30,0x7d3bcaf75c26e2a6fa736f6523ad2854116f4e0841ef3ee5caadc82be8cc2fa4,0x4d664afba6a113db7ac4801ffb753b2b8786ee5e,0.6,16480246938.488195506736002173,16963956791.47651922318457463,483709852.988323716448572457,285.1397577429353279367842518874888739926216251385128262738979197308242,7240865811332504333852774095380,254736447546110471852,600000000000000000,16480246938488195506736002173,16963956791476519223184574630
17070107-28,17070107,2023-04-18T00:42:59+00:00,31,0xcce05d401e7e4a6998705a03571d90e54f3a5dc36ba517a6543772c627abdc7b,0x5b89d877a2447a933651c571d1ac1e2c83adafef,0.475,12992892618.58470438733769129,13373437391.991206047782248487,380544773.406501660444557197,284.5527011883975735969299449673707597957300137409204164705358480067469,7223901854541027814629589520750,255336447546110471852,475000000000000000,12992892618584704387337691290,13373437391991206047782248487
17070212-5,17070212,2023-04-18T01:03:59+00:00,6,0xc46765d22c1f7a308be407c98921cce41fb1fb58c36170eb2927e4826522d28b,0xa7ec989bd60b8d0b4cc4578c5b31347a64b7532f,1,25126909638.339913051051395628,27901274436.626145678533916857,2774364798.286232627482521229,994.3505643757654900690130408480403036640935304848281367787161826557621,7208488095111264267962138455524,256584876668389711122,1000000000000000000,25126909638339913051051395628,27901274436626145678533916857
17070526-12,17070526,2023-04-18T02:07:47+00:00,13,0xd9dfe7d43ca8e6604184088dd2fcdb9c803fccb8f3a720c9f312a313d46e5e19,0xecaf0458e3894d98e844df19825bf221ef63756a,1.7,61166830588.599553968734272482,63464440019.774901952533559118,2297609431.175347983799286636,362.0309941219736977975789783919564072212196411013166350232261005016170,8444803015610898965198319702374,223834492943498611557,1700000000000000000,61166830588599553968734272482,63464440019774901952533559118
17070530-12,17070530,2023-04-18T02:08:35+00:00,13,0xb206ed45a3eb69706389213ae5ef873984c04763df0d55e9cd0b4fd62c51c526,0x2efbd75345880cd3c8d417a3172ffa1b56a3f363,0.6,21736425734.98024906915684265,22051285543.831202797091194953,314859808.850953727934352303,142.7852395385787594422480914557716311895620124412324300819486859688892,8359566802079376850994451734321,226177370569980476158,600000000000000000,21736425734980249069156842650,22051285543831202797091194953
17070530-12,17070530,2023-04-18T02:08:35+00:00,14,0x68cabebfe99acffa2ab1ac13baad64e5a4e7330128f76b94cc5138c956cf40f0,0x88d71a3fdcca25b9bbf025c57fa1216c41124fed,0.7,25215505931.363972780086829784,25579712750.358403594565647749,364206818.994430814478817965,142.3811215352009079551401641982994025814460382698589301190953083263223,8337515516535545648197360539368,226777370569980476158,700000000000000000,25215505931363972780086829784,25579712750358403594565647749
17070590-13,17070590,2023-04-18T02:20:59+00:00,14,0xedf78ef26124aa7aa95a2461dc1f6c3e1b855f1aa64c73085b9680c610e9d852,0x9c84decd74ce00c9c869e5af1c121d762e1099ad,1.177,35512529495.340816226828405114,37149799881.323502719920539157,1637270385.982686493092134043,440.7211859049069322375469690093177030341664298919422264366513642589708,7762537386092958518768838933408,244025617213667008387,1177000000000000000,35512529495340816226828405114,37149799881323502719920539157
17070590-13,17070590,2023-04-18T02:20:59+00:00,15,0xd79792ad93bf44c947d3fa03a935075c606bafd133c87e65cd82e9058ee32ccb,0x1069dbb0855bc6e5aa6ae5594e1fa4cd504224af,0.495625,14854581826.584979533538689716,15537073460.685302872622037115,682491634.100323339083347399,439.2665297150627474843018514394523409046504788304170390004073990057741,7725387586211635016048918394251,245202617213667008387,495625000000000000,14854581826584979533538689716,15537073460685302872622037115
17070591-46,17070591,2023-04-18T02:21:11+00:00,47,0xec1567a2e876725c265c7d2a657c4b444cdfc1fe29ab75752968976f490de240,0xc56d38af319ca4a083e65ecf1dacfce29fcb5c62,1,29999028901.773399984053360656,31050419353.085968854133553284,1051390451.312568870080192628,338.6074884711905360338859986258943547626115205078557692811181638580415,7696943871154475217402882135800,246144687597798586294,1000000000000000000,29999028901773399984053360656,31050419353085968854133553284
17070591-46,17070591,2023-04-18T02:21:11+00:00,48,0x83859ef0edaf29d9cf6557a3a21135894359d6e1a36acc45827cd2f1916e8243,0xcb7a038619e1e4ebf42e651be44a13b0b78189e5,0.067338140509266373,2011507562.440824526615753009,2081851837.030802039442467878,70344274.589977512826714869,337.8927997599703061489366612835885219846616586151043776905547752166569,7665893451801389248548748582516,247144687597798586294,67338140509266373,2011507562440824526615753009,2081851837030802039442467878
17071008-72,17071008,2023-04-18T03:46:11+00:00,73,0x102181755eee17fe2a9ce5d36dba6d523410311d46701fd592452e8f0c04006a,0x9c32df9fbc97c7bcfd9ca627ac1adcde9dfefc57,1,25070992169.752483388579280141,25591751994.850661361324374097,520759825.098177972745093956,203.4873678062215159391164249104710221909116872088040569443285028417861,7051504722859517281777633027198,273714563714181100202,1000000000000000000,25070992169752483388579280141,25591751994850661361324374097
17071008-72,17071008,2023-04-18T03:46:11+00:00,74,0xc58bf579c0b0b315ddacf929c0d7fadee5c2cabb2d7d8d8083bdd887f4121ecb,0xfc901ab64061ce263f75f88efc6b5e4adcdeca89,0.134857545682819,3367199775.747002374081415714,3436995695.598927895981873845,69795919.851925521900458131,203.0724680315985827833775137529647626525576963750503361886994587007612,7025912970864666620416308653101,274714563714181100202,134857545682819000,3367199775747002374081415714,3436995695598927895981873845
17071008-72,17071008,2023-04-18T03:46:11+00:00,75,0x114b0b2304908bfa5d0a77ed05cc4dcf63a3da5120ca7240db33f355ffd41cb8,0x47d3881e904476b64d2dbe3221065f3f1f541f79,0.03893651,971580927.320015659586144615,991713625.004322240945519615,20132697.684306581359375,203.0091870949018765099367903610672890238619065298789748967950906434758,7022475975169067692520326779256,274849421259863919202,38936510000000000,971580927320015659586144615,991713625004322240945519615
17071008-72,17071008,2023-04-18T03:46:11+00:00,76,0xf7e1560a91f9e438c4db3e6d8c1e18cec354f66fc067ded4f4a10b893f835356,0x96dd069474d8383fef319ad1cefd8b0a8b8a2166,0.042652658690190516,1063997682.73208148563315434,1086042113.959381303731041603,22044431.227299818097887263,202.9795248632899190206836605340130190250257271893786265999126138227950,7021484261544063370279381259641,274888357769863919202,42652658690190516,1063997682732081485633154340,1086042113959381303731041603
17071069-13,17071069,2023-04-18T03:58:47+00:00,14,0x41fee78a7d82cd61fd26efbbb580c6e2af10552c0e0afba13bec04908419f115,0x39fc4cdaa0e79efe7687822f1c0bacc87e1deede,0.960434760995337307,23343958638.486819094994335893,23797146121.252428639089967945,453187482.765609544095632052,190.4377442809762331305605367374006116065429447142247861521525754218971,6947560466467846782362321659326,278599520592729893734,960434760995337307,23343958638486819094994335893,23797146121252428639089967945
17071069-13,17071069,2023-04-18T03:58:47+00:00,15,0x88faf60c538194ad423fb18c514763315e8ca31ff1f1c6961ac00a4a8c7a7206,0xa9d813547686ddb7dc199ed0f567b3f8bc04179a,0.512351896058480715,12388235700.717872786947905684,12628097722.563347131090183491,239862021.845474344142277807,189.9431150401212845868245698099171801522925852524190888818707177943460,6923763320346594353723231691381,279559955353725231041,512351896058480715,12388235700717872786947905684,12628097722563347131090183491
17071325-14,17071325,2023-04-18T04:51:11+00:00,15,0xab650ac2353d4e54a194797d8920893a24829b895c38de4c8d46d689971368fc,0x326a01f191bc2551b701b08d511a9eeb53b3c399,1,23430179886.524368480431513299,25773614659.651019404821298759,2343434773.12665092438978546,909.2379179530969069615231643641934775893551271564785887254625388121927,7060773313734560582313715070008,272134692498450450612,1000000000000000000,23430179886524368480431513299,25773614659651019404821298759
17071675-17,17071675,2023-04-18T06:02:59+00:00,18,0xcd18d1c36005532021e0a7ce3fc2e063d688b27b74c55bbaed6accbe3358e147,0x9fcd882ec652492c998f9a4c33124579511f08fc,1,26877370857.367188915690479509,29098866795.897377280621626796,2221495938.530188364931147287,763.4303954556041520617445633614422373036428149716388345251048221560908,7479857107441743029932445125976,255281623783756153187,1000000000000000000,26877370857367188915690479509,29098866795897377280621626796
17071859-23,17071859,2023-04-18T06:40:47+00:00,24,0xfccc5dabdb5903756fdafed7ae7083a7c0d454ba83520f15bfedbe207be520f2,0x6f2b192449f137e4e5b3a84802d01495115bcb98,0.947688,27159369411.013283570696845135,28871270616.607796215370234617,1711901205.594512644673389482,592.9428005879884360613374856608544455393122356449008233678649874735123,7695349890230466308630682035513,250894170779155983213,947688000000000000,27159369411013283570696845135,28871270616607796215370234617
17072491-12,17072491,2023-04-18T08:48:47+00:00,13,0x52416ed0d9334479b8cfb1eacef412f065b9754942c95ca40f44c925f028e40d,0xc07f2785adfdd4ffe9288a1ab77ed5e147ade0bf,1.508112147789321306,42916695354.550695288257845828,43520145065.589511538256983501,603449711.038816249999137673,138.6598574359880965654082052870099408721658488397866723570455927178424,7523807835097768315612588796150,258438233124975187932,1508112147789321306,42916695354550695288257845828,43520145065589511538256983501
17072491-12,17072491,2023-04-18T08:48:47+00:00,14,0xc09ffad0c9123aeec5d28141ee7070d146598bacb8ed6d841c52ca30a104bba7,0x09035aaf2c99fb5b7f4167139cb6306a588f95cc,0.07035157826609186,1989943653.70478972869776219,2017838573.337961171019937212,27894919.633171442322175022,138.2415818676066791246364721122351012968351705560265588978331347040595,7480287690032178804074331812649,259946345272764509238,70351578266091860,1989943653704789728697762190,2017838573337961171019937212
17073218-0,17073218,2023-04-18T11:16:59+00:00,1,0xa0e2abde8e97d6f975777823ab3f251828ad3ad0d61a551ab5f78f794e1d1d5b,0xc78b81818481c277b5cbf1ee90cf0ef7861a3418,1.5,33157881315.557297616282180018,38397336631.818816992221296489,5239455316.261519375939116471,1364.536130852296362985973738041269279172619455020740312359368876807751,7246597839863717374562922699375,280745093232594876120,1500000000000000000,33157881315557297616282180018,38397336631818816992221296489
17073218-0,17073218,2023-04-18T11:16:59+00:00,2,0x24f8ed2ff80a2bf0b5cf40e0410f9fd8145977264b99266c06cd84d68a15ce54,0x6063ed1450865961314841b8108f693fa0dc068c,0.1,2198885664.780774067211162467,2545319082.899439584908271246,346433418.118665517697108779,1361.060860487613773202841991281959171824539171716454279929625542183542,7208200503231898557570701402886,282245093232594876120,100000000000000000,2198885664780774067211162467,2545319082899439584908271246
17073741-0,17073741,2023-04-18T13:03:59+00:00,1,0x9853d79f296b0a70e46d203fbbb7605d5f257d09909a874dbf978f0a8aab7a9d,0x5c4a64abd18c714bde447bf32a8a34edd3b63e25,0.407807777961307277,8694706207.916679672618769835,9089208292.391726679203169672,394502084.475047006584399837,434.0334953103358329400177417464000146643721410917774358987968622115360,6825419817815827951817433973063,304912517421357298842,407807777961307277,8694706207916679672618769835,9089208292391726679203169672
17073741-0,17073741,2023-04-18T13:03:59+00:00,2,0x94e30437c28c7907ddf58bb2767fdb8fa788554a49a1e2c3a84300bb5a44fbbb,0x362b1d6f68d8136bd0595c8e780ade4ed0b60d52,2.4,50713876116.983131540570421401,53004290512.154581954544742814,2290414395.171450413974321413,432.1186781372402721291889689251867272445101110915444191236095134103022,6816330609523436225138230803391,305320325199318606119,2400000000000000000,50713876116983131540570421401,53004290512154581954544742814
17073872-106,17073872,2023-04-18T13:30:59+00:00,107,0x1753dcf6527deeb70fdf82238a201be984e9ac22d7ca76af964159944d5cdd25,0xe820f952dd0ba3f2e3fd46b407d9c71d8fdcf705,4.5,92995330848.634397389905870384,97969191443.525903209513004274,4973860594.89150581960713389,507.6964014507229439755191695254451420435231682379576137269697761918163,6874156846085029175057109858731,310315574361700190322,4500000000000000000,92995330848634397389905870384,97969191443525903209513004274
17073896-1,17073896,2023-04-18T13:35:59+00:00,2,0xb783674eab912a2b6aa4d6cb9b7b90961c5bf82cc66683951dc2b739b9b93845,0x7bc45c26febc67a49d952f34d45c9be84429391c,5.068549368997443235,91747756201.310881453109629029,111029946688.289859635636032993,19282190486.978978182526403964,1736.665743082144354868346532767340360033530115506441918315297850948809,6904491218866851053058255183292,309193113090962885415,5068549368997443235,91747756201310881453109629029,111029946688289859635636032993
17074399-0,17074399,2023-04-18T15:18:47+00:00,1,0xbf7dc9a380f54d72e81cf753febe181008a6f7310cd4ede3f29be60850e90087,0x5c5340e894c0675ba06067f2a288bdba4207f9aa,2,36661888705.218232613129044875,41876163941.132778004143455979,5214275235.914545391014411104,1245.165446205743311481619281533959060276922541891836458337143790885545,6440832017587009841551688729323,304696437575001179592,2000000000000000000,36661888705218232613129044875,41876163941132778004143455979
17074709-12,17074709,2023-04-18T16:22:11+00:00,13,0xc7a455500012ec4ae5927893d01b8c3efc8761dd4970320529b134e1e0d1e888,0x7451e186b1184786a44dd9e4917246d3d9669441,3,45914514896.567081368628528121,47218066129.884871264395689973,1303551233.317789895767161852,276.0704408630485900517312386590119801423402509401840199113522451193292,5639635909578441593215630884148,354248344770053320254,3000000000000000000,45914514896567081368628528121,47218066129884871264395689973
17074801-19,17074801,2023-04-18T16:41:11+00:00,20,0x889ad8cadc7310c7d335657a79ae469bc911703564adb41011fbb5150ebb063c,0x8c2cd35ec599199c1e8265c9a3d2fa213c6e2e05,0.25,3830350994.038339204515542351,3990060331.697716626991975612,159709337.659377422476433261,400.2679768789943647705257166976789874913974245452298280862493943590007,5752936705139150599867143686740,359123630245602695670,250000000000000000,3830350994038339204515542351,3990060331697716626991975612
17074801-19,17074801,2023-04-18T16:41:11+00:00,21,0x7e3dd8ad7fe88d7bbe2ee9f33e2132b0c36f895da4733824780cadf10f19b440,0xd2641026a1a430c05727e5c0ada76da488f40b1a,0.436016303867823981,6667926302.234721758021288115,6945682732.688488379337574864,277756430.453766621316286749,399.8979526469884141325515673645390064644990559627703176787162224194874,5748946644807452883240151711128,359373630245602695670,436016303867823981,6667926302234721758021288115,6945682732688488379337574864
17074801-19,17074801,2023-04-18T16:41:11+00:00,22,0x210dbbae306b1acfb6d0882b3b897b9aee95bc0a6099e59867ab3eb1a93b76b8,0xf5d588e349eff5f1faa3bc051c49a39320dbf8e9,1,15233323105.059450240334790134,15866600612.64589571321481815,633277507.586445472880028016,399.1261411607693188711975927246821253779055588153045155335240205898702,5742000962074764394860814136264,359809646549470519651,1000000000000000000,15233323105059450240334790134,15866600612645895713214818150
17074900-0,17074900,2023-04-18T17:01:23+00:00,1,0xeeaebe74776122f34660fc9edbd6a7c317ec676e6ad8a459c3a10ad0c3afb3ef,0xc78b81818481c277b5cbf1ee90cf0ef7861a3418,1.2,14305119570.484106466750403889,15611431681.213369667079049035,1306312110.729263200328645146,836.7663756945913281277584088924142251851365020882548003304250268146175,5215300574931762949368015369427,398484150462070172937,1200000000000000000,14305119570484106466750403889,15611431681213369667079049035
17074900-0,17074900,2023-04-18T17:01:23+00:00,2,0xe8056a06190d0cc873f7c23d1acd97e1328dba5296f0747b70684a3fec149450,0xc11f42d7b2ff88bc32da5d06bc4b7467ac2b80aa,2.4,28365456652.368399785354178446,30943868251.268013448931219965,2578411598.899613663577041519,833.2544522108853919381975134673635995959723709059048978854424007410977,5199689143250549579700936320392,399684150462070172937,2400000000000000000,28365456652368399785354178446,30943868251268013448931219965
17074938-5,17074938,2023-04-18T17:08:59+00:00,6,0xb47cbcd3251035d4d94927540ee6f724a7b386b096366a6952a417a3d88c01db,0xf93e6c16ea54851e3d900caf36fa0b5c40a6b0f3,0.4985,5738213683.956392622297684324,6060485053.242294127344062242,322271369.285901505046377918,531.7583765238226252360075415710338531711256429323657670207989568428375,5030367415012479402008675033244,412030247023710158145,498500000000000000,5738213683956392622297684324,6060485053242294127344062242
17074938-5,17074938,2023-04-18T17:08:59+00:00,7,0x5ccb5e8e9ec0557a5a7d3acddd08b31d4854100ffafcfee198f3d2e519f837a8,0x0653be9558c66fd0f74b26daed3b3cdb3b493144,1.8,20608134003.677644298378281992,21762281274.457989409876208309,1154147270.780345111497926317,530.3429618543473502045312353590647518056943074531521307499894257063019,5024306929959237107881330971002,412528747023710158145,1800000000000000000,20608134003677644298378281992,21762281274457989409876208309
17074939-3,17074939,2023-04-18T17:09:11+00:00,4,0x51c6f816d3168bda9d422bff9cbcce3652d4258242c6f43537c7a21ca9e13b3c,0x9cd6140c2de8af7595629bcca099497f0c28b2a9,8.448519785189715239,96983939646.734605545835013959,102392018262.966958453208856529,5408078616.23235290737384257,528.1738467487891395956088134092970988061579684257922054825932924784874,5073670956763943187017609320926,408957156373960091905,8448519785189715239,96983939646734605545835013959,102392018262966958453208856529
17074940-5,17074940,2023-04-18T17:09:23+00:00,6,0xfbe4f40c9c1014b5dd1ff88d94c1ffa1bc72fb4aa5d593d330c87eaef72b5434,0x598b32c026965e17debd4cce47171c22b2e2d3ef,1.5,17742326142.442836997956559695,18226746232.253350193344205347,484420089.810513195387645652,265.7743097082802453496045913262576362230663176780720462206576039820347,5041028612293247486703817128022,412119645216872416450,1500000000000000000,17742326142442836997956559695,18226746232253350193344205347
17074940-5,17074940,2023-04-18T17:09:23+00:00,7,0xdc7e1aa31bf5381f18dad9467dd7903846cb3ebd309f68e95cb796eaeef6d4c2,0xc2526e7b1e04e8e46cc38c4f5317a85af30f2d3e,3.929076053761355575,45878983774.740210025771191014,47123413568.780171134570521126,1244429794.039961108799330112,264.0788728566155552354201422816368303275899673476209678759283892854973,5022801866060994136510472922675,413619645216872416450,3929076053761355575,45878983774740210025771191014,47123413568780171134570521126
17074959-5,17074959,2023-04-18T17:13:11+00:00,6,0xaeb6f2802154ce54dd6d7b3b5338d9e4f19c2bc62c96ae504ff69eea101a64a1,0x2af8ae409ac94ed6fbd7d6c8751f3fbdf055ab3e,2.742844023850252255,32604488634.493245383925109115,34055470689.336506088658330505,1450982054.84326070473322139,426.0643078698055170367058702431184070402408037858989021844094555772197,5110852407949019556904706618368,407661009295404759515,2742844023850252255,32604488634493245383925109115,34055470689336506088658330505
17075039-21,17075039,2023-04-18T17:29:59+00:00,22,0x864fa3e713457da2951b104cf301210576d6ee34049dfc52cc2b74452078d2b1,0x7f62d4be62ee322ede06c37adcf8e97259e3268a,0.95,11859958593.671021573604079409,11981126704.683159578917284095,121168111.012138005313204686,101.1324844472064960178919152368811216904786548023043714265701741969926,5143208537595144089096684217041,405641486148812386562,950000000000000000,11859958593671021573604079409,11981126704683159578917284095
17075039-21,17075039,2023-04-18T17:29:59+00:00,23,0xdd41df5efa635ecd0de841be9bf929d1570b87f66bf025ac1a97423a93cb1d16,0x2a878245b52a2d46cb4327541cbc96e403a84791,2,24789336279.41575356610985807,25041681127.138879234208276548,252344847.723125668098418478,100.7699309171569034709875250634770770542414151990117500117346606401856,5131227410890460929517766932946,406591486148812386562,2000000000000000000,24789336279415753566109858070,25041681127138879234208276548
17075039-21,17075039,2023-04-18T17:29:59+00:00,24,0x5f15331ef9776b6b1f7b516fe503bbaf2a0b5095580bd3afd1509c4f4f6d603e,0x89a1145fccac1a2a9350ec1a4a486e4458d26274,0.2,2465663601.275624214053304887,2490695044.860075826159113686,25031443.584451612105808799,100.4998329125348531576339747033124601632304649718260173583470263022165,5106185729763322050283558656398,408591486148812386562,200000000000000000,2465663601275624214053304887,2490695044860075826159113686
17075039-21,17075039,2023-04-18T17:29:59+00:00,25,0x4db95d1db5dba101ac6914a4574252ec344ff7b6dec9994849b65c1b5c904036,0x6fe93ad6bfd5a5e5f78e0cb3185b621350278efe,0.085408051406356046,1052206999.241196720752878656,1062885275.361162540244027038,10678276.119965819491148382,100.4649924831953317075127531012279151534541952872157634873626248950076,5103695034718461974457399542712,408791486148812386562,85408051406356046,1052206999241196720752878656,1062885275361162540244027038
17075066-1,17075066,2023-04-18T17:35:23+00:00,2,0x39889c52f1b0f45bc96a80dc986a4892d3b8dbc45017fb244645b3aec2d65b11,0xb9f1eca1d567fb0f94990bb831f473530ede36d4,1,12209688530.938719362596443348,13261695340.072598960830842569,1052006809.133879598234399221,793.2672121904744048416500780376150133911285975984119881183488344389190,5284340805824028033547658792472,396274061376811456990,1000000000000000000,12209688530938719362596443348,13261695340072598960830842569
17075066-1,17075066,2023-04-18T17:35:23+00:00,3,0x4080c3f3f5147fea0f19a009fd3eb9eaee743805b9b531202740706cc4049e43,0x3986179dfb74aaa3ebaac9b1ce21a18da618f52c,3.9,47060822808.436933671606380994,51090378556.335508091998011543,4029555747.898574420391630549,788.7112724082342418917913741219220114999655473750539194539077793025256,5271079110483955434586827949903,397274061376811456990,3900000000000000000,47060822808436933671606380994,51090378556335508091998011543
17075066-1,17075066,2023-04-18T17:35:23+00:00,4,0xd4004b1d0e7c20536865eadfa4affb661abbd33b6c2e1ead992f781947e79a6c,0xae35c0a572670ecbf2dc003b83e1b3a87ceb4500,0.41,4896463961.02866215682771056,5313411399.173832973061851713,416947438.145170816234141153,784.7076140386960661181795581966447462117698631874997956815776062364442,5219988731927619926494829938360,401174061376811456990,410000000000000000,4896463961028662156827710560,5313411399173832973061851713
17075396-3,17075396,2023-04-18T18:42:11+00:00,4,0xb346c6e9c6a44864bc928d8002f169574bea09ee3330260b6d114868d20a22ab,0x7c9a3dd95297352082a34584e488573c15fb3817,0.25,3049285335.355714033559245922,3200684233.309644125940547551,151398897.953930092381301629,473.0204135050747229775856032870902558943559012598903205889586129732013,5200588668612443636092377740962,404741255518027040314,250000000000000000,3049285335355714033559245922,3200684233309644125940547551
17075396-3,17075396,2023-04-18T18:42:11+00:00,5,0xdbf4b9ebcd00fad51d1e23601f3f05c32b453138a23468b48cd9904b2b23533a,0xbb058d516cab5323b839e973962fcef48c243c19,2,24262987605.022762206103992774,25464292625.689353383098864814,1201305020.66659117699487204,471.7606093855003363894167339770308433604896035026214190266768243214248,5197387984379133991966437193411,404991255518027040314,2000000000000000000,24262987605022762206103992774,25464292625689353383098864814
17075396-3,17075396,2023-04-18T18:42:11+00:00,6,0x60620ac9dd605d61f02e196922068e253d7952757f9c1e9863cf572bb5aae30c,0x711df27b298e67dfb7ed2ea143e5bb535dca2e86,1.195988168947376436,14398346081.997460224101708038,15108402261.923789143379969032,710056179.926328919278260994,469.9743676509151674274334036263571147242248204101204973368116244437401,5171923691753444638583338328597,406991255518027040314,1195988168947376436,14398346081997460224101708038,15108402261923789143379969032
17075396-3,17075396,2023-04-18T18:42:11+00:00,7,0x2fc48f96e606e685727123ec53a6bfe6eae505ff42e662ce96e5742a45686569,0xac41a4d398ec9c92dff4a1f1a9ca8f4d4108bb8a,2.436,29073929423.055254407625564896,30501290745.358273382530462977,1427361322.303018974904898081,467.9675146273069449628329701142811646602102519959344748498990770079114,5156815289491520849439958359565,408187243686974416750,2436000000000000000,29073929423055254407625564896,30501290745358273382530462977
17075455-11,17075455,2023-04-18T18:53:59+00:00,12,0xe5664ef6fd1f4f887f46ea03f08b1aee978fdd90449d0b7f1e95cd2d9b7b9bea,0x04425d676804413171de834052c8ccb62a818993,2.054457420485265542,24322011567.741691700165162479,25074238729.630613515235456593,752227161.888921815070294114,300.0000000000013598072775733037949830529682426747458500925785325677420,5104163049702661520761658580393,414906609691893396255,2054457420485265542,24322011567741691700165162479,25074238729630613515235456593
17075672-6,17075672,2023-04-18T19:37:59+00:00,7,0xb27859f6d1142d602d3d285cdbb226462a016f71ed71cff945bb6f4c7a38b3e9,0x69bb8f530290fe9c7ce1c79beaf317570f130fb8,0.7434375,7711105170.557027658499535715,7803983150.952229360258030727,92877980.395201701758495012,119.0135583312591869285549855983261580351173266525505942405593981776137,4745744551815638741537571010911,450000408190732615748,743437500000000000,7711105170557027658499535715,7803983150952229360258030727
17075672-6,17075672,2023-04-18T19:37:59+00:00,8,0x430cbad3cc3cb047a2d4998ccf84d731bf1d2cb45f50560dc39d17374c93d80c,0xb57f356eba8b4666d5ffd1f36f6f52b823ae8e59,0.4,4138450431.035454028648956952,4188233404.293951342917716391,49782973.258497314268759439,118.8638942792866711350475170745635954613823704813281610260201707265835,4737940568664686512177312980184,450743845690732615748,400000000000000000,4138450431035454028648956952,4188233404293951342917716391
17075672-6,17075672,2023-04-18T19:37:59+00:00,9,0x5954545fe341a3f5d2eb570635bbb7e81774eadc343bd1199e657e4940257860,0x043a84794cbd83352699bb0fb19c412dd267bf48,0.311,3212614531.821763627748854466,3251229735.919208781318709856,38615204.09744515356985539,118.7710719757169431067098541652235779634309268683521032066077827516267,4733752335260392560834395263793,451143845690732615748,311000000000000000,3212614531821763627748854466,3251229735919208781318709856
17075672-6,17075672,2023-04-18T19:37:59+00:00,10,0x423275ac23d7568994ac9a956d60e8eb5567b454e37b99ddcd5accc67cf00204,0xbefc15f65274bbb680976513b6e74bf0181e46e4,1.605501403902894021,16515185507.788847606346835645,16713275032.130316578281863087,198089524.341468971935027442,118.5222668571259530914924453726623072135654818370624877004845143532889,4730501105524473352053076553937,451454845690732615748,1605501403902894021,16515185507788847606346835645,16713275032130316578281863087
17076120-20,17076120,2023-04-18T21:08:23+00:00,21,0x7afa3ad66510006289f3dd21c7953b6ca0c178c437da288d2b02571fcbd09250,0xd9d9cb8037d8a11a511398c3a790ded9bdf21b08,3.2,33476574104.186318487662885341,33752359265.83889689326571007,275785161.652578405602824729,81.70841021229095182029718160825708005047920909698423142241444017193621,4832181030807870808302151091324,453565533393157424763,3200000000000000000,33476574104186318487662885341,33752359265838896893265710070
17076120-20,17076120,2023-04-18T21:08:23+00:00,22,0x89961d4e507174b345724de4c20f4f0347f7d103dabadb8b309f92de769d6c54,0x3a1f043277f85ec9c1900096f322fb379af5a496,0.3,3114500391.712095425187446513,3140059218.766296775906795516,25558827.054201350719349003,81.39600330290331877772132444810513378589794589402547807894603311584984,4798428671542031911408885381254,456765533393157424763,300000000000000000,3114500391712095425187446513,3140059218766296775906795516
17076157-15,17076157,2023-04-18T21:15:47+00:00,16,0x6da3bc6d88c0c0a10804110ed1cc9de7606aed50883f28e20aa35566085b00be,0x9b76d386a5fd08908b9ebcd5997abbfd3a2d5225,0.663941647943571539,6764587328.441961551601192817,6857686701.376381029693680098,93099372.934419478092487281,135.7591517205559215601659825843404830957694691556725845929197812553310,4803752891910566843194799482857,463028433684383031642,663941647943571539,6764587328441961551601192817,6857686701376381029693680098
17076157-15,17076157,2023-04-18T21:15:47+00:00,17,0x14aff15eed5b3bed2f59d69ea4c7c993548afab72c4d009dcf13f9da220d8be1,0x827e8589417f44aff334e52a267095b36c9e11ce,1.77,17940236531.201336243818670012,18186495877.20136962158378344,246259346.000033377765113428,135.4078034948693024412622057636084015336451343241951854259576940779854,4796895205209190462165105802759,463692375332326603181,1770000000000000000,17940236531201336243818670012,18186495877201369621583783440
17076191-17,17076191,2023-04-18T21:22:35+00:00,18,0x857c2479bf3a6173fb462158edcd854cc957b611d98255bb7a47d56afc3ea725,0x58e1fa26fcc0b6bb1cadc8bebf804fdbc1c09505,2,18901765077.593876274404867756,19379736321.284823277250801123,477971243.690947002845933367,246.6345443338100187797142267354906501897948667722610896850574063086703,4665751189284122636233325474268,478069697317412393141,2000000000000000000,18901765077593876274404867756,19379736321284823277250801123
17076191-17,17076191,2023-04-18T21:22:35+00:00,19,0xa73d771cc1a64f75144b7b5d3162db375ff6f94b18032d7c4acd9e71b7e98ebb,0xb7608d4e47f867eea5d8eb8379ed95238ceb2d2d,0.25,2351793567.469953658232736428,2411123048.797129770113317079,59329481.327176111880580651,246.0657549467441282293065900066115105533174776148055216418180560712594,4646371452962837812956074673145,480069697317412393141,250000000000000000,2351793567469953658232736428,2411123048797129770113317079
17076295-10,17076295,2023-04-18T21:43:47+00:00,11,0xa9825965f842032326979efdcba3b8f73cbc8c6231d22464b4fc172f3d8a3a88,0x04f2d4c55832d2c5dc8c8959987d470db8ded04b,1.994,19423808421.557091784646989644,19871992041.018163835218874223,448183619.461072050571884579,225.5353255657347069701976353557542047740282316435032185692584491577546,4752556291257690640353755640176,473463433144474399583,1994000000000000000,19423808421557091784646989644,19871992041018163835218874223
17076295-10,17076295,2023-04-18T21:43:47+00:00,12,0x376a0bafc39774ac1d2b6c8523e7304fc8627e89c14539679bae82e1186824ea,0xa0ff0320c721d95d2de8a4c30ed2eeb3acb11332,0.0793,769142055.012647548004118807,786850143.101495847777614584,17708088.088848299773495777,225.0503255810443744781545890396897817468012726034084690689946248363318,4732684299216672476518536765953,475457433144474399583,79300000000000000,769142055012647548004118807,786850143101495847777614584
17076295-10,17076295,2023-04-18T21:43:47+00:00,13,0x0832e8e3f1db8c895e84c24d588e0d094a6b345c590ce02bee34480d97f0a10f,0x4560a7d6422cbedb58af2a52ad275e7107bb2939,1,9677484427.411962596115126187,9900037350.128261152332088935,222552922.716298556216962748,224.8000839243452394006514185818107270451237622856202795589131128630123,4731897449073570980670759151369,475536733144474399583,1000000000000000000,9677484427411962596115126187,9900037350128261152332088935
17076316-13,17076316,2023-04-18T21:47:59+00:00,15,0x97e441007d83e603716d86c6ae6a3085075ee2474fd86bc379994bc5dc2d93cd,0xd65ae26bba44d7ff4bfa6c88f7312abeb1571cf2,1.169,11319949739.066768979209407795,11927404131.996279659176241278,607454392.929510679966833483,509.2930416434556963465197717233726457130464679798886237201090786375392,4808022449181812938620765537479,468653123553103190572,1169000000000000000,11319949739066768979209407795,11927404131996279659176241278
17076316-13,17076316,2023-04-18T21:47:59+00:00,16,0x2eda571a46005eb4baf4c69a9937d649fa7e0e162e23583b566cedff1cf13121,0xe2e70bf57d924ab3323897d738195f2c2799669d,0.97,9351423094.045639118238860271,9852085442.042630872541744638,500662347.996991754302884367,508.1790560407376363943623701962732401760982000564165899694881204758759,4796095045049816658961589296201,469822123553103190572,970000000000000000,9351423094045639118238860271,9852085442042630872541744638
17076597-4,17076597,2023-04-18T22:45:35+00:00,5,0x749f6046dabc55a2bfeac26aa9f600f9453f659c76247b55d8e8daf3a41a852a,0x4204111ad86d5dc63cf7e9c34a210910f582b82e,0.387,4493068638.50313110402873827,4581023025.157611134522099101,87954386.654480030493360831,191.9972595017767672185841943292750774134730543727841029837613950468633,5170770246038693874036451437404,435124921370535850041,387000000000000000,4493068638503131104028738270,4581023025157611134522099101
17076597-4,17076597,2023-04-18T22:45:35+00:00,6,0xd160c5d611a24e1a707a179641e87ff090110fa9dacfaeb9d85bdf5cc44a9994,0xdbdea48c7efd3894806b3793335eb608b0f5eb8b,1,11573540357.620845488293399194,11799737423.859591445790429375,226197066.238745957497030181,191.6966946920068541619066424293680327303440204802193277019223130674413,5166189223013536262901929338303,435511921370535850041,1000000000000000000,11573540357620845488293399194,11799737423859591445790429375
17076597-4,17076597,2023-04-18T22:45:35+00:00,7,0x43918e3f4f8cc0d45e50ab24b07cfc79cb59ca4d1888838c0fe3e394ab0852ae,0x45180317b52d63077e8ed0c36073c6bf8429a876,1.25,14393405115.747310515099283059,14673987412.513417487792865997,280582296.766106972693582938,191.2106702005462252608803527528628233667110325301012371599230816856778,5154389485589676671456138908928,436511921370535850041,1250000000000000000,14393405115747310515099283059,14673987412513417487792865997
17076597-4,17076597,2023-04-18T22:45:35+00:00,8,0xec48298012547b756175d5928d1a4c04f70a1bf00e22223282a09af4b6647d1b,0x694d99257e9b0fee2afc82369a1d7e9f471e008f,0.132162221605438414,1517055589.201701925835197048,1546581761.613502249509949965,29526172.411800323674752917,190.9124570368433401536500495243208962400474167895347100544264623122520,5139715498177163253968346042931,437761921370535850041,132162221605438414,1517055589201701925835197048,1546581761613502249509949965
17076675-28,17076675,2023-04-18T23:01:11+00:00,29,0x8a2352eb146cf9b2b808454105913bab3465010cec2fbf93e95bc8ccab330b3f,0x87de74597c1f8af0309cc4eea15f137c14180f7f,2.3,26285764366.367378530673615947,26680237600.951325298796277084,394473234.583946768122661137,147.8522194906844504391498838362308784886159892138652823309145251940221,5147679462740201682210653920396,440137134413979184448,2300000000000000000,26285764366367378530673615947,26680237600951325298796277084
17076987-19,17076987,2023-04-19T00:04:11+00:00,20,0x12b7b93a40628eedb2db270603a2d6d44f960daeda76bb70a5a98386b0afbb13,0x0c26a0675856aed4c678cda6d9a01cd54a82369b,2.7,30541447987.515565293870273634,31241932104.740192146891842503,700484117.224626853021568869,224.2128031250492590888680482299664945666357184433527289969146225970908,5168822079059533143376148341580,442669549092620568916,2700000000000000000,30541447987515565293870273634,31241932104740192146891842503
17077368-5,17077368,2023-04-19T01:20:59+00:00,6,0xf64054e2bf1a2b0c30f159e4503ee10a667b2af0a426f48f6be9a3d76a9ded54,0x9de7fad36063ee5efdfba26c6a24a0819e2e42d8,3.5,44782607021.927771050614904118,45485799453.3354974445475828,703192431.407726393932678682,154.5960365342464977721661848830198586921655017926145101373500550802027,5462981513319333181439111512768,415609960047632689429,3500000000000000000,44782607021927771050614904118,45485799453335497444547582800
17077545-10,17077545,2023-04-19T01:56:59+00:00,11,0x8e4de96caf7f43f7e952df3f4804e994696d6c20a70d7a64a309109aa867fc10,0x15d5b7c906757d0fccbcf325f1aa9e786c8e232c,1.890699976772641511,24219615610.172184216057166209,24460781533.718918922203567122,241165923.546734706146400913,98.59289377744947641500177135286037156467425581659157768415495288062809,5465061656383765735682948780252,419270508660065653379,1890699976772641511,24219615610172184216057166209,24460781533718918922203567122
17077545-10,17077545,2023-04-19T01:56:59+00:00,12,0x1339ce2824fd97c68f8b9052e2eb3392d3ca113e04a00fc8c64c4252285fda2f,0xfe42a5266ce7a21d2d0daffc2a1ab1677b1009fb,0.581482939737937249,7405301925.881882888000072063,7478822633.556567070023044566,73520707.674684182022972503,98.30518956928556282598068693568268721773139420174909614566214959989228,5440600874850046816760745213130,421161208636838294890,581482939737937249,7405301925881882888000072063,7478822633556567070023044566
17077545-10,17077545,2023-04-19T01:56:59+00:00,13,0xb9c9a68cdf44a871a34929efc5fc0ef957d336a79d5466e4cd1466ea33e241e4,0x9febc1bf5990d76b3bfc6fd4b7e9a3b31e82e8cc,1,12687882198.188234584905146711,12813612712.490288121740639142,125730514.302053536835492431,98.12261157190709210090005087878601333900765204025752697148922056530085,5433122052216490249690722168564,421742691576576232139,1000000000000000000,12687882198188234584905146711,12813612712490288121740639142
17077795-5,17077795,2023-04-19T02:47:35+00:00,6,0x7b81398bc829be8e4a7ae38941810e86005e48fc2f231096f6bd87f5d3399592,0x9de7fad36063ee5efdfba26c6a24a0819e2e42d8,4,44677574035.379813716304200162,45426050703.725340726433082663,748476668.345527010128882501,164.7681576431087938093990066955881735664792505556631631838413997739046,5129284273098107185232752949349,446317174326715380729,4000000000000000000,44677574035379813716304200162,45426050703725340726433082663
17078036-47,17078036,2023-04-19T03:36:47+00:00,48,0xfa4f826409af6f988f76d809352a87d40acbf5038adffbcb58c40d6abb77757e,0x9e037b0d29daa93510fe095043506cb62272f890,12.5,112554270394.940067492235355269,114071423548.729131315816861751,1517153153.789063823581506482,133.0002823310927649908965002422688173288786763724716015927203406594798,4663127373895779267329890343871,496992217836065780964,12500000000000000000,112554270394940067492235355269,114071423548729131315816861751
17078036-86,17078036,2023-04-19T03:36:47+00:00,87,0xcf617c2bbeaa06900d933c206efc8d3ae770afe20b8e3238492d20cd06da15f4,0x4466baf7eadae7bd6b0dc1f238bedc5d11e81996,2.986433404938312778,25216454984.818733738600944488,26464297322.577265197952600706,1247842337.758531459351656218,471.5191650654446569384946718399753829660102106641899072071226033699393,4552088829382495700296420914844,509173914110088613545,2986433404938312778,25216454984818733738600944488,26464297322577265197952600706
17078188-0,17078188,2023-04-19T04:07:23+00:00,1,0x010e1d2a6289073fb58db29f6abcc628d91e54375d70ab54b36ed433e9fe4cf2,0xcf33ea41c015749f3ced2366364ef611d8d1425d,6.06709576861455887,54010826315.061505079570517081,59381585542.730592429444855541,5370759227.66908734987433846,904.4486061767961506319703672499904682841300200042153801087523291016922,4855854461215530906622272515537,488591842778033034090,6067095768614558870,54010826315061505079570517081,59381585542730592429444855541
17078196-5,17078196,2023-04-19T04:08:59+00:00,6,0xe72fa38e31977d380c6d62b582cccb38eccfdb1582b8b37eef366d06e8fa8f76,0x50bd54b751952d4a26563b65f2ad34c982cfd0ef,4,38349703245.516336714394883083,39741538782.680998838830457668,1391835537.164662124435574585,350.2218534555615629815412646008691024553210195773142303574875901959515,4883935092536404727066469911327,486107093084899358194,4000000000000000000,38349703245516336714394883083,39741538782680998838830457668
17078196-23,17078196,2023-04-19T04:08:59+00:00,24,0x1f0996a740c9ec25584f4ed67da40ada738d1172c7a04354c3f47f16d63a478f,0xcececec14cd4ffade4b8ca125e57355f15e2cae9,2.3,18528760234.417655422577958175,22517661466.126686322529562883,3988901231.709030899951604708,1771.454481500902849825541653604563321486365841133272539978864146676359,4839972235925628268555893793839,490588469913314053777,2300000000000000000,18528760234417655422577958175,22517661466126686322529562883
17078316-1,17078316,2023-04-19T04:33:23+00:00,2,0x7270aed4f2bf0c8f78f30a2e0813b3e1639569d1872c1f90ebe7eb04f8e7386d,0xee549ba46371c26ffd9cf4a5749d003a3a9d73e1,3.15,25851375254.308733190576070543,26296700572.944489738405739647,445325318.635756547829669104,169.3464613176346693562245335408577285612508822448747226208712245798970,4481311383203407880573770016699,532051400240303299532,3150000000000000000,25851375254308733190576070543,26296700572944489738405739647
17078329-2,17078329,2023-04-19T04:35:59+00:00,3,0x6d977d687c211644a295c9c915444977e83407e162ed1033e3b76e6812761115,0xd83a00a2393b7afa0c3dff18c1ca9758ae8a018e,4,30873203597.056289799222833802,31376636282.285170681311668562,503432685.22888088208883476,160.4482649764188537133053511336471152140488547186581228929961967597669,4348780069321259558198746424971,548746039443379476769,4000000000000000000,30873203597056289799222833802,31376636282285170681311668562
17078329-2,17078329,2023-04-19T04:35:59+00:00,4,0xac0ce2edb45c368c5b2fed22d2a711cf62a7fb8292035580ac09a705410b223c,0x817ffcdee99fe86f667eecf4ec7525acc9ae2a7e,2.3,17552427901.456808190713135665,17837008435.531442226358129885,284580534.07463403564499422,159.5449904636181449175656215898378968635601129361549820965821478851137,4317403433038974387517434756409,552746039443379476769,2300000000000000000,17552427901456808190713135665,17837008435531442226358129885
17078376-17,17078376,2023-04-19T04:45:35+00:00,18,0x6bfa9ce5148093a74d1f69878b50e41797c79b751366ea4f8bdd329000e7614b,0x08e88e0b8aeaedebdace3259129f7ee1746a525b,1.994,14764378534.922425798745373788,16224847328.411268504579551099,1460468793.488842705834177311,900.1433196424729070563208946145907550302281632807446984807678484677188,4436770037311460329375220247447,541645984681216181473,1994000000000000000,14764378534922425798745373788,16224847328411268504579551099
17078543-15,17078543,2023-04-19T05:19:23+00:00,16,0x0f2cd32753b359e60a101ced91332347aac13c79a955bba15fb60688f57cd5a2,0x1b3dff537b7d46a0d30b1d20b101c483586747aa,2.519430125370645818,17298075562.109348579283274974,17673396837.144877223062205343,375321275.035528643778930369,212.3651036040231234979672789728865442495817981945181212580442601083948,4124411638276633605510661797185,583679539220560523466,2519430125370645818,17298075562109348579283274974,17673396837144877223062205343
17078543-15,17078543,2023-04-19T05:19:23+00:00,17,0x0feab9130a2aaa1d29d761ef0cabdae89ae23097f761d2b42d3cf36ff112268d,0x9885965b8abc5605299e14db36971a765e9eb893,0.8,5461986963.83102104706366371,5580159395.176609874388629605,118172431.345588827324965895,211.7725014230506865968060906917198305754502990486082917107350474366188,4106738241439488728287599591842,586198969345931169284,800000000000000000,5461986963831021047063663710,5580159395176609874388629605
17078543-15,17078543,2023-04-19T05:19:23+00:00,18,0x9c64bfaae7099b66e319c3b182bdbf941e964bb0340272c159889538db7e3d64,0x7b19b42564ad1c03625e8306cf20deea2f923a67,0.101744900746727503,693606423.059004525906444988,708601288.386667069708224533,14994865.327662543801779545,211.6121657328994044662872150323750608073187950778362971837153300235555,4101158082044312118413210962237,586998969345931169284,101744900746727503,693606423059004525906444988,708601288386667069708224533
17078554-0,17078554,2023-04-19T05:21:35+00:00,1,0xed1fb76b88beaa31875f2ea503082715dbf3af0e42ada65b5ed71c9482080265,0x4eb783bad7132fda07f7127323f80ab3183e9af3,3.2549590258096,23001481911.675048606424105513,23712863355.868840050216401542,711381444.193791443792296029,299.9981206477653594910841060158514985094648999822965432892015063131012,4207278098659303580611002498973,572536568810696151451,3254959025809600000,23001481911675048606424105513,23712863355868840050216401542
17078563-8,17078563,2023-04-19T05:23:35+00:00,9,0x8abaf90069f027684db7b1836ca7e3b2cb056ab281e1e674ef1c951ebfde3b54,0xa530dcc42794ab18875dbc2e340eee5fb56c6a1e,5.8,42171120774.993071653122583604,42558036060.753975485079651962,386915285.760903831957068358,90.91474174432312450705499657515021109756117273520515781317682340767133,4232616830514000405008942025710,569326882241851371070,5800000000000000000,42171120774993071653122583604,42558036060753975485079651962
17078593-0,17078593,2023-04-19T05:29:47+00:00,1,0xece1f761ee41e1cf69935736c2294504095a9e0a82fab538e1fbd915a498904b,0x50bd54b751952d4a26563b65f2ad34c982cfd0ef,3,24174633992.308139580758863146,24793416195.695340306971313594,618782203.387200726212450448,249.5752092019632052784802443646334304151643189041976872144291219079593,4486943849029435983197732764944,538299838927518019170,3000000000000000000,24174633992308139580758863146,24793416195695340306971313594
17078715-15,17078715,2023-04-19T05:54:35+00:00,16,0x21428c14091b42e7aba594d393ac9017f590f2aee3119b41dd7a102891b941b5,0xaba6cdf6c5881aed52752df34a3822576596bcb7,0.3,2063417249.512114838374321352,2087556220.051541025577621692,24138970.53942618720330034,115.6326728236818673488895317779880740326156564827240274062136588360307,4119254257583235063963082290434,589897674874272013887,300000000000000000,2063417249512114838374321352,2087556220051541025577621692
17078715-15,17078715,2023-04-19T05:54:35+00:00,17,0xc0f6c9dedbddcae6794d5b505fb604de8fcc18a5b9ab1194dd89121a9ae043e7,0x623eeb02f6a0dd670e9c31c126e266ed11a61b5a,2.338695533651391933,16014652022.709148559971148272,16201582094.856098012197180926,186930072.146949452226032654,115.3776656208769837234355425036904785176453848671604325188537754236322,4117166701363183522937504668742,590197674874272013887,2338695533651391933,16014652022709148559971148272,16201582094856098012197180926
17078715-15,17078715,2023-04-19T05:54:35+00:00,18,0x5ba53d284bc78495d752dc8288060c8494b9cf08c96f83adb51b2cfe6e289f2a,0xde42ddb51678d999aed372b7dd34942c3b2c1442,1.38031,9393149295.814799080071592069,9502445190.409580262787700168,109295894.594781182716108099,115.0187056117818486981566327129555947964906194645020749234599219709568,4100965119268327424925307487816,592536370407923405820,1380310000000000000,9393149295814799080071592069,9502445190409580262787700168
17078753-33,17078753,2023-04-19T06:02:11+00:00,34,0xb6acc6a662928666e32f385a8479809596b7e9a678e6c1e642bd92dbba20fd23,0xd5cb4ce53100100dc4e59366b8a807650898bbd5,1,7271820822.911864452030074455,7350961904.39539161867738102,79141081.483527166647306565,107.6608510733894653984556597720859241515390165969100062701408832098128,4240199199237103225400725102363,574094893635258513103,1000000000000000000,7271820822911864452030074455,7350961904395391618677381020
17078753-33,17078753,2023-04-19T06:02:11+00:00,35,0xe84c8f073366f714c6ca56b56ca9e39d8ecb5c1e0b817dce564fb193d40401ea,0x9fcda0f510ff7efc76df96d56a83435cf9929b43,1.45,10499653561.186490599058282168,10613680376.607267089129923918,114026815.42077649007164175,107.4338131305456867606074989921836801234297248531438266852766287240539,4232848237332707833782047721343,575094893635258513103,1450000000000000000,10499653561186490599058282168,10613680376607267089129923918
17078753-33,17078753,2023-04-19T06:02:11+00:00,36,0x74c5b47b10e837f88a5c9bd24535e934d0cd6c1fe8e2949dc2b94b9982bb97ad,0xff3857b4aefae13d519abc4d0846d6f84b45e5cd,0.5,3608410437.742608300448712889,3647531450.594896121954345133,39121012.852287821505632244,107.2533941987185845323044702300905330053028910821570976014895150607049,4222234556956100566692917797425,576544893635258513103,500000000000000000,3608410437742608300448712889,3647531450594896121954345133
17078753-33,17078753,2023-04-19T06:02:11+00:00,37,0x409b003938115f72c0773d74ccb91ccbbb600f10fa96517f487442c8b2434a84,0x5d0d353e8ec98b93b7d3a2f7c34eee5300468066,0.056,403754816.539127080841396702,408130054.850919310146555782,4375238.31179222930515908,107.2020612005750232951691611105380632072990740791409363516938283043433,4218587025505505670570963452292,577044893635258513103,56000000000000000,403754816539127080841396702,408130054850919310146555782
17078818-249,17078818,2023-04-19T06:15:23+00:00,250,0xff1274a10a4ce0041768255fb8d18b06eeb4facc15f65a331a04da625b94f494,0xa4aef57581ed9161cd72e3b99043e38c851dc801,3,21620366991.824180355417034533,22223796338.12362133799997019,603429346.299440982582935657,271.5239723756347028248767271243328146529885777371421087346459413819878,4267787027880650236821502685955,571391108537122383953,3000000000000000000,21620366991824180355417034533,22223796338123621337999970190
17078859-4,17078859,2023-04-19T06:23:35+00:00,5,0x116451e79efff4ead39fb60aad39da117249790435ac24d1e2b5dc227e7cd70d,0xbad1990c2967231bc9a4fa9562ea68e65dd2b25d,3,23205249215.972929414345977864,23465087472.139338833163517415,259838256.166409418817539551,110.7339814841609316803249964629206188939865019656029538429591858128259,4390080251613822278851651945109,556594812248404066035,3000000000000000000,23205249215972929414345977864,23465087472139338833163517415
17079260-1,17079260,2023-04-19T07:44:59+00:00,2,0x1f39bbd0e3ab432ae134a4e5de8ec34faf3603ad8fe6e32dbc3d51b8dc44bd67,0x7a5c65a84617fe658a9778c852c90124134d06d0,2.733620244550072067,19000000000.000000001855279951,19231008661.808953965266416892,231008661.808953963411136941,120.1230085594606893312064713705235230928773811941358951369094135964277,4167006355147272027324020152994,587822902470889524452,2733620244550072067,19000000000000000001855279951,19231008661808953965266416892
17079260-1,17079260,2023-04-19T07:44:59+00:00,3,0xc187cc0f11aa1abba3c7d937aae97624b7b805736f3e9b3c59a89de322283a5f,0x7d417576ce3949ca9df1be8009fa39b754bbe493,1.448912127233616209,10000000000.000000003576058798,10121151523.096388507979162704,121151523.096388504403103906,119.7013233325493423770258174957835126420937153955333653966570457649529,4147775346485463073358753736102,590556522715439596519,1448912127233616209,10000000000000000003576058798,10121151523096388507979162704
17079260-1,17079260,2023-04-19T07:44:59+00:00,4,0x8dcf2124bad647153140f806b4613205bd43dd6a67090eab5f88f3942398f5bf,0x8eb2283f696f2a130134d46e28d3528e19e16868,1,6873433405.635599233891337175,6956533379.954719126937354809,83099974.319119893046017634,119.4560131898063289433958886628466188935231359735811089699494007267239,4137654194962366684850774573398,592005434842673212728,1000000000000000000,6873433405635599233891337175,6956533379954719126937354809
17079275-0,17079275,2023-04-19T07:47:59+00:00,1,0x98f0a71172a82a958f2a5210dd8a8b390a4515f8372a8b20e939610306df8e6d,0xd83eb40979ca0dabe945e22629a72765dc9a39bd,0.252,1643767757.963361564156770169,1728741372.857020372066100075,84973614.893658807909329906,491.5345709186468976582400215903861812578823465095992956903681325161472,4106890855347463352831182606565,596617496611935451768,252000000000000000,1643767757963361564156770169,1728741372857020372066100075
17079275-0,17079275,2023-04-19T07:47:59+00:00,2,0xb2fa547ee29cbb75e26eb45c482c6e440f1f0c98807ff347fbdf87339a53cd87,0x4852ea8eb903afc71f93899419a261809904b21e,7.28790765593973264,46961193074.259162650100154632,49373503577.040604562325783844,2412310502.781441912225629212,488.5840234159929642990527692570377124141337647966229391950646720994636,4105162113974606332459116506490,596869496611935451768,7287907655939732640,46961193074259162650100154632,49373503577040604562325783844
17079278-5,17079278,2023-04-19T07:48:35+00:00,6,0x5be23ed2019c8bbc58048ba6467fbdd75d15440d2e0fafb32b53dec719b386c1,0x33c6b73432b3aea0c1725e415cc40d04908b85fd,4,25804106722.974221768016316434,26051753473.61640223790687121,247646750.642180469890554776,95.05953251591364735805695670590701041822162310031861022262244112925836,4014285690497461375256554038656,610518480337946071997,4000000000000000000,25804106722974221768016316434,26051753473616402237906871210
17079278-5,17079278,2023-04-19T07:48:35+00:00,7,0xdb6130c7a1e95f24ef49705b6ff5015c4bcd05cae4fcb5534a84e65ec0610861,0x76c3dd0fc9e122bda61431ddcb8aef3586203777,0.15,961152546.842544033526607882,970345545.633781457754060393,9192998.791237424227452511,94.73943413872235132412635863658932387208836253330504673189021965800755,3988233937023844973018647167446,614518480337946071997,150000000000000000,961152546842544033526607882,970345545633781457754060393
17079278-5,17079278,2023-04-19T07:48:35+00:00,8,0x0a5d305e0a20ae7a891f8ca803562f35f893c643f2a71cd3a31cc77bdb933c96,0x315d2ee4fccda0def532ef4108ff57204f8d9eba,0.715991512691009024,4581437497.678247187342500658,4625226041.205335553365877884,43788543.527088366023377226,94.67330490874140280344394978945029439363637146249984904227806929757574,3987263591478211191560893107053,614668480337946071997,715991512691009024,4581437497678247187342500658,4625226041205335553365877884
17079278-5,17079278,2023-04-19T07:48:35+00:00,9,0xcc202102fd36a273c544e7ce7aaaac3ca16da7c6f0260e449e328fc577d400d1,0x71b28530fb7b7ad49187704e87f5c9ddcbf66e3e,1.68056812363873026,10712024729.918524683161861085,10814209020.822766780012234819,102184290.904242096850373734,94.49076738528557718604747560557731713499733895011752419945281702954432,3982638365437005856007527229169,615384471850637081021,1680568123638730260,10712024729918524683161861085,10814209020822766780012234819
17079294-14,17079294,2023-04-19T07:52:11+00:00,15,0xd9014c8ef62cd7b10e17aa82875227e2fb31aa12701b6b60548e4a433e3233a2,0x983d06d6dc495d644e4157281dc97ea837c69502,1.95,11646484720.462345789042758553,12514915594.925994841959283947,868430874.463649052916525394,693.9166851558653235261634664204593359256952468622058889410977256193557,3981297065490693308548156727887,616536944112365221024,1950000000000000000,11646484720462345789042758553,12514915594925994841959283947
17079294-14,17079294,2023-04-19T07:52:11+00:00,16,0x7c19afdd76132d1c03777c4823e31294a9b2d536def350e3b7db0d7c49e224ce,0x29124aab3c824e8710e816910bd8866b592d58a9,0.575960486774102337,3426424860.386468035805588147,3681387558.400879236580872457,254962698.01441120077528431,692.5722814284782130229391084820044123014360755718726914498723946946202,3968782149895767313706197443940,618486944112365221024,575960486774102337,3426424860386468035805588147,3681387558400879236580872457
17079294-14,17079294,2023-04-19T07:52:11+00:00,17,0x929a6e66684cea2defb50ac94ad8b3a6886644afd9e199b732ac95f3f81fb9c4,0x89a2a295174d899c6d68dfc03535993ee15ff72e,0.2,1188375293.688395348808149206,1276746680.91071424965824116,88371387.222318900850091954,692.1606967427778225543498019733920615106311880302268202283674366592986,3965100762337366434469616571483,619062904599139323361,200000000000000000,1188375293688395348808149206,1276746680910714249658241160
17079473-2,17079473,2023-04-19T08:29:35+00:00,3,0xde9ef3d3711200f9e3d2f455abebcd1b0e8f45a02ffad39a3de231912ffac6ac,0x7340c899b795d8104170c822dc11463fc3f6a4d2,4,29475513936.967333590976360009,30387917051.071385011008656218,912403114.104051420032296209,300.2519430899535369427422403589455950228486950334652264130613624847347,4410654846686347245673217022563,574850342194467524128,4000000000000000000,29475513936967333590976360009,30387917051071385011008656218
17079473-2,17079473,2023-04-19T08:29:35+00:00,4,0x10ff02c609a0e4737381606e8feadb11649a6c496ca4517788c5c9179997f56b,0xcf33f3402574785b1ca4b2d03234a7d99280bf4e,0.49899245034620187,3648900542.945795309450234662,3761406923.995082275382093621,112506381.049286965931858959,299.1071780390917858722548940383219156012533810990364520017632536567577,4380266929635275860662208366345,578850342194467524128,498992450346201870,3648900542945795309450234662,3761406923995082275382093621
17079484-12,17079484,2023-04-19T08:31:47+00:00,13,0x5ab72773b669f29d80c51c9a77ae94aa511544e411ca903a8dd9b3fd258bf1f1,0xc7d1aadac193c242fdf311e41d8542cae1111111,8.132379933115410431,58159117518.356155428270533347,59104181233.505302791511505154,945063715.149147363240971807,159.8979455303585958767065976897172827305737686399465039139574181645960,4329979529865219720153934399757,585883826091705884174,8132379933115410431,58159117518356155428270533347,59104181233505302791511505154
17079572-11,17079572,2023-04-19T08:49:23+00:00,12,0x2433c8bbb817a0a66a7dd37401cb95c9bca758440a745662ac37222207dd42dd,0x7340c899b795d8104170c822dc11463fc3f6a4d2,2,14415123388.614035415809323301,14711022323.365888437746582683,295898934.751853021937259382,201.1409732428107785766395506050100763337468549898272067792866567843311,4375257181251650735597078775332,591048592665964792108,2000000000000000000,14415123388614035415809323301,14711022323365888437746582683
17079572-11,17079572,2023-04-19T08:49:23+00:00,13,0x85dbfd89ac806849030a9fd7614a97df8e3645c709ef1a6388773a3a1cc395df,0x23d01763c1d3f5f0e8f2302cb143a4d069c816b6,0.997,7150086877.930610833685433467,7296483643.991963935848213834,146396766.061353102162780367,200.6401620346239453368859877048898713699877116550594383758968384785196,4360546158928284847159332192649,593048592665964792108,997000000000000000,7150086877930610833685433467,7296483643991963935848213834
17079677-33,17079677,2023-04-19T09:10:35+00:00,34,0xc3e5995a65df8e6ae7dfa65ec141956c138df484eca30e94c974a5bc7d93f498,0x26ed4f387a7059a883701ea161b1c581b006a77a,4.070504503839963698,30720205576.603231767263828852,31085918870.441197613617105579,365713293.837965846353276727,117.6459654810825717216713967784758554702439622185012571839749462524679,4480472416494855385815788169540,580871169027628174432,4070504503839963698,30720205576603231767263828852,31085918870441197613617105579
