episode_id,block,timestamp_utc,origin,executor,front_tx,back_tx,victim_count,front_input_weth,front_acquired_pepe,back_sold_pepe,inventory_mismatch_bps,pool_weth_margin,outer_tx_gas_eth,pool_margin_minus_gas_eth,no_intervening_buys_margin_weth,reserve_weth_before,front_as_reserve_bps,spot_before_weth_per_pepe,spot_after_front_weth_per_pepe,spot_before_back_weth_per_pepe,spot_after_back_weth_per_pepe
17070040-7,17070040,2023-04-18T00:29:23+00:00,0x758e8229dd38cf11fa9e7c0d5f790b4ca16b3b16,0x000000000005af2ddc1a93a03e9b7014064d3b8d,0x5c6c4f44cf6e7a22cbef231169e13b351bb10264d6540b2dbdd29c4c9de7a0a8,0x2663dcbdbdbee86098e75b936f8d95682423137681e881e3465fb46d859a16f0,1,1.225620508193969726,31496944247.048987645018693842,31496944247.048987645018693842,0,0.025633883761633523,0.025019627856000858,0.000614255905632665,-0.007309286898160785,266.564618674550616812,45.97836405627157699464569398057846485838192141919753460457602296796017,3.861859598562000385079194700481008432752554410614703780531763640487505E-11,3.897400122453726271011938564385352330838172535037937545863869548738353E-11,4.003030696728971962657624469738176147147602776049237199996694782328622E-11,3.966149902133403933857342768494857072152459735501729590748216205243765E-11
17070107-28,17070107,2023-04-18T00:42:59+00:00,0x758e8229dd38cf11fa9e7c0d5f790b4ca16b3b16,0x000000000005af2ddc1a93a03e9b7014064d3b8d,0x8b1a3d6075567b12a3d78a868be1822ce68ae7170930d475d34f6418c6be82ca,0x6d5070df8777e64dd3a6ab33fd0034619ea13cbcc17694eeab9864e0863d2f18,3,3.721275479793548583,103961787615.05409350128846851,103961787615.05409350128846851,0,0.009161375932105982,0.008551555348818993,0.000609820583286989,-0.021975041016259778,254.716622546110471852,146.0947245058535162853266352025778081556717550272873985900265496626561,3.517491763984062085810863629519319986669652097767209000606864653881850E-11,3.620863505426443000158976392199863829580059191879214974638252417489453E-11,3.651560479891700804299811708408005672890189884923621972521783579966612E-11,3.547188855610082097687508536007759040570105302846369348502677105249676E-11
17070212-5,17070212,2023-04-18T01:03:59+00:00,0x758e8229dd38cf11fa9e7c0d5f790b4ca16b3b16,0x000000000005af2ddc1a93a03e9b7014064d3b8d,0x05d6b35e4dc8d0d1c70fd436f702c84fec9bca959dc183d36675e54fe0e39f0c,0x264752a6d8c867c732dde62754c85d22f17af50a719cb85a06f5b6f4799c3daf,1,13.842035561800003051,367922281377.382087664757410308,367922281377.382087664757410308,0,0.020516411119040723,0.017929697083462487,0.002586714035578236,-0.078707048147425033,256.584876668389711122,539.4719962271763001078401787218196192388912801654195071991323729042717,3.559482561154583954502478440835718284195807365732310362816694389227924E-11,3.953282807209463743143869619299315695651778450847395977314107915704842E-11,3.982530194307566997032079811981505849085755007895575705009237855038068E-11,3.585568838974002420252647300381018240060817763340994717037394300464356E-11
17070526-12,17070526,2023-04-18T02:07:47+00:00,0x758e8229dd38cf11fa9e7c0d5f790b4ca16b3b16,0x000000000005af2ddc1a93a03e9b7014064d3b8d,0xef8226f06bbce31ec3c80584fd44f5406cda653b872928b91c51ba7c2c946a36,0x85c1c87be8c035dea2be9c521606cda930d0b5bf645832db13f3aae702ccec47,1,4.187208276987075804,154616910092.974855318733759844,154616910092.974855318733759844,0,0.037004423530154403,0.034705783379877693,0.00229864015027671,-0.024627622906801894,223.834492943498611557,187.0671593963862945733918652125373578969791399048855797217722927686981,2.650559077929023470276428600754973761454956371758024078706226830682217E-11,2.750501596926938667897279443857358753560361809467584915451923558820319E-11,2.791604850414676741491102871808709929615351970922580125028815968341550E-11,2.689733709137196563274038534454903442080052204846952046064408544715485E-11
17070530-12,17070530,2023-04-18T02:08:35+00:00,0x000026b0b3f1cc243a56736a93aa28e4d97a7d2a,0x00004ec2008200e43b243a000590d4cd46360000,0x6128a613dba74a27a1fef59b05d039a19b99e7e87d4bf37219a1322c24189f35,0x7446c60aff7751c2a1ec6d707409f51ff7cb6d4e3c8c47843216f1458899a0ae,2,1.636854102107352158,59884913360.541261584976946652,59884913360.541261584976946652,0,0.008791690341167881,0.008660922451048403,0.000130767890119478,-0.009736352716383889,226.177370569980476158,72.37037454199693381711789510481587816205639161102715104123559189874014,2.705611139009268093359980842743864938793267956600889895207459198745281E-11,2.744854895965825171709873064368113033851429079710501259250680879362713E-11,2.776223454110417230733211505805801374260972641041893859957665686212298E-11,2.736426292155851734027080617314826384371120726752933523211381869948208E-11
17070590-13,17070590,2023-04-18T02:20:59+00:00,0x927300011e3e02c4858a1b000027cc007f000000,0x3c005ba2000f0000ba000d69000ac8ec003800bc,0x9c8375e7363f58cc4e38796882738467a57b7ab6ad9e786c0715d0966b647ed5,0x52738abea4e72ac3c5f782a679368e379a8eed9a8f0f4031457b51c1d5b1b787,2,5.583633426385062912,173134744745.691751940683458599,173134744745.691751940683458599,0,0.040986678459663386,0.008009189985261593,0.032977488474401793,-0.032707636887729167,244.025617213667008387,228.8134127121610832643549279715992697067845870532411464296914055145023,3.143632102189333462738224840212273651487825522040860614788153237390621E-11,3.288918277707052426926132081391361809127331331685230019916430802539451E-11,3.333077217096063177271544713613882931346423005639901616595858213696760E-11,3.185319394967594696722905557115016683306986245750565253831251283243599E-11
17070591-46,17070591,2023-04-18T02:21:11+00:00,0x000026b0b3f1cc243a56736a93aa28e4d97a7d2a,0x00004ec2008200e43b243a000590d4cd46360000,0xc4a143e18a7c4fb68d37de10ca574da7ccad81f0080ed01dff0a881914604d81,0xf2b573b7f88e9f1aa7ea207f10e501590c81a25df4b6841cb7e278d03f4cc867,2,4.291323596363545313,131501373989.395382491937283436,131501373989.395382491937283436,0,0.010803070531816697,0.010096168700153659,0.000706901831663038,-0.025271374261053274,246.144687597798586294,174.3415077629294767469684702178483444315757970933396644181694413240044,3.197953521790188206489670022342781425088252967427314292084909583978851E-11,3.310262569413559520209162653751149316896737553173695083113220072830326E-11,3.338496327393299047155981305207321879386072124625605458346179051243501E-11,3.225092924800570451061604358264573298667012006246429515023164664275810E-11
17071008-72,17071008,2023-04-18T03:46:11+00:00,0x758e8229dd38cf11fa9e7c0d5f790b4ca16b3b16,0x000000000005af2ddc1a93a03e9b7014064d3b8d,0x053260d94a0ba1f05cb878b98040bc9faec99aa64a73ebbefc4ee5daac21f974,0xc4ecfc2bf044fb972a2e6c0c287080acdc6090011e668ab2fc0e0be26629640b,4,2.837513379181690368,72135877794.595642575303498677,72135877794.595642575303498677,0,0.007877982833219995,0.0072541310337915,0.000623851799428495,-0.016826156168967184,273.714563714181100202,103.6668762040987200891179567414310292530929188891014647125150162521910,3.881647598233256466044223351822641949962693295309523378779221298473519E-11,3.962422437222406476378657660770906217503416103934788608532436075371159E-11,3.997304907174005284599969707417248519205927151821090497379149252862608E-11,3.915708879698134648831848476959081691309749990333828492709117139314156E-11
17071069-13,17071069,2023-04-18T03:58:47+00:00,0x000013de30d1b1d830dcb7d54660f4778d2d4af5,0x00004ec2008200e43b243a000590d4cd46360000,0xfc36d2bbdc1a298869286183be3c8e3b6b32c70266bbb178fd672a4a9200acc9,0x1c2f99891a69814c7fbb0442780e62efa0c0a9f0661f76b1e2cbd0e73a7656ad,2,2.699968090039199936,66485920772.777376563661201094,66485920772.777376563661201094,0,0.011979335542422289,0.010062735190426604,0.001916600351995685,-0.016021174359096386,278.599520592729893734,96.91215850963873141292300473054504807380879317850724448724325469881337,4.010033765627237936296218257633246233216097803129489566567782793214787E-11,4.088016876067058201889770936061301045301214654224963409174664777712954E-11,4.130871194248069810443305103832640754967498563890580461161231453040208E-11,4.051899394601001183288997001245703954196157093347750319850400848069645E-11
17071325-14,17071325,2023-04-18T04:51:11+00:00,0x927300011e3e02c4858a1b000027cc007f000000,0x3c005ba2000f0000ba000d69000ac8ec003800bc,0x19c6d2233d43cd7f57d6a903f1d01febb1c074de12fc16933b42c59faa81ecff,0xd5060903961dff56a4809176c242b55f689ee801dbc7b49059ecb0753731e580,1,13.329210001420255232,328746758039.386261537778715639,328746758039.386261537778715639,0,0.014564116996775048,0.005833349640733148,0.0087307673560419,-0.076147902935438505,272.134692498450450612,489.8019388504151289515829525726965754128913754865735895771381603907272,3.854176878460269957829499782250022319349100112325012218196404824463269E-11,4.240385865061291817917990246683422384474281932592507241193521191048437E-11,4.270101917785157088435818884029389866598693638587739655473758251653970E-11,3.881011955603064789725476266403975042382516125341439450728832366860526E-11
17071675-17,17071675,2023-04-18T06:02:59+00:00,0x758e8229dd38cf11fa9e7c0d5f790b4ca16b3b16,0x000000000005af2ddc1a93a03e9b7014064d3b8d,0x83727e0bc76dc175353d75c7d1fe6587f2cf094c8de4f784b74d093e7b0a2635,0x8ddb3ea53182b9f7871555b56e43589f20c2754f611d9deace995b10c55d1e9d,1,10.376220256090164183,291310332945.897232253592590251,291310332945.897232253592590251,0,0.016432075260870071,0.015367676499325083,0.001064398761544988,-0.059749881484679053,255.281623783756153187,406.4616991342725210528405356773575142859924751649755090528790700678380,3.412921130936783976908065519899170870146001180361893168652228958599271E-11,3.695570918205198622414051470530312909374250017386305205926926321890146E-11,3.723403427479786767917457384544125213040894490679228330633541144951433E-11,3.438425982168831062080889673892891807594042835885729383838584092703401E-11
17071859-23,17071859,2023-04-18T06:40:47+00:00,0x758e8229dd38cf11fa9e7c0d5f790b4ca16b3b16,0x000000000005af2ddc1a93a03e9b7014064d3b8d,0x4b5f085366540909a9804ade6bee1dfe4767e60865d04a8c254a0b722c3fe0c2,0x69f34dace64cb94eef171c6d9aca4d53a7293012df3aabcb339e9ad76aaed57f,1,7.812696323657035826,231715915200.972309300191191856,231715915200.972309300191191856,0,0.010666022773245918,0.007300404744604496,0.003365618028641422,-0.045400585997278066,250.894170779155983213,311.3940949442778445069844533051851983618955323644341735250254276322633,3.260334804239057282691909818783576611939039421460718507269511400787720E-11,3.466231971829656727029346337638670615079083826587849344781444789217336E-11,3.491635067329298430151255656346844137658313093822861223553018507720984E-11,3.284101928253486647823579365142953689848338378770924808741160455652316E-11
17072491-12,17072491,2023-04-18T08:48:47+00:00,0x000013de30d1b1d830dcb7d54660f4778d2d4af5,0x00004ec2008200e43b243a000590d4cd46360000,0x912af563714fd0f14fab5c5d0944ce9e3f8bb1635c74fe19eabc969a26c1686e,0x6bb4d3870e692cfd297d56283d19a30d08ba0a5192f5a5a19d5f95fec1d2869b,2,1.81858922132915568,52417275897.922156832347888801,52417275897.922156832347888801,0,0.011065391070770984,0.010762156079462194,0.00030323499130879,-0.010819489105961813,258.438233124975187932,70.36842805103550324863278837809543741304846809207414675044743875100045,3.434939312503279871765237682558303109110518170004005257258808024790709E-11,3.483378633256413937892567361395571755519262043641182442453828566174552E-11,3.525696532654780878273791740948968475424682434049491905301125095755438E-11,3.476521813069395402036100873774104599195261580108404414301598873207485E-11
17073218-0,17073218,2023-04-18T11:16:59+00:00,0x000026b0b3f1cc243a56736a93aa28e4d97a7d2a,0x00004ec2008200e43b243a000590d4cd46360000,0x794b62a01df2af2ce4d4b307303d179f098cfc72a627c815653c10eb6dbc7d07,0xff29aacd6e4861c1b0296759168eebc07b38d9c0fe90eba10cfc7ead60f04ffd,2,21.456887674181023139,513087289719.549050181399775161,513087289719.549050181399775161,0,0.098692329486431825,0.094456074791960046,0.004236254694471779,-0.119471878140146845,280.74509323259487612,764.2836220971519419852088009571477428068118837372233922179244730532323,3.874164117238699818516685749653164758170818615730001534325552308221051E-11,4.488030109350694957366790968862627380570905420574833224618432697428522E-11,4.535607732244047846906133171340503371220967231496965397805412502128218E-11,3.913978163404452765190605359014639236670665603034498423951084871500898E-11
17073741-0,17073741,2023-04-18T13:03:59+00:00,0x000039bba92085a7c622466903aa40fd6fc6c7e3,0x00004ec2008200e43b243a000590d4cd46360000,0x0d21633415036cf59188966682a8a250ffd77cd56a54d7184030384b98a06edc,0x6a29fe60c57a0377e6ca71783ac2e6771bc71ab563233f840703a57918ed7895,2,6.855462724550053032,149643701433.474996610086521311,149643701433.474996610086521311,0,0.081590002019391844,0.077215500004644087,0.004374502014747757,-0.04017325797898068,304.912517421357298842,224.8337583030911952785277241296276935660543236271564663008768887049944,4.467307880834954836249970321325668882790435414483097668982409586733936E-11,4.670138343627624133835891390447288249062439391948523970700872428846551E-11,4.754508970437388707886725986458999252833246052141949448702022414314943E-11,4.546825662712302126298935488162401614670394747630038230150729379737060E-11
17073896-1,17073896,2023-04-18T13:35:59+00:00,0x758e8229dd38cf11fa9e7c0d5f790b4ca16b3b16,0x000000000005af2ddc1a93a03e9b7014064d3b8d,0x8afe85244fd36d2bf471afcc5c6d391b3f64b2013442a6c2ff7deed4fd21eb2c,0xa4d07e0c08fb3ff7c16dbf78fb0be53d1b7f371f76cc50058a0034d17805a76d,1,31.240645789945639739,631878823796.745395129191461572,631878823796.745395129191461572,0,0.71729115623485204,0.7100134651053099,0.00727769112954214,-0.170080821612689119,309.193113090962885415,1010.392679113613257924129550236206467374480184246319946671043447709435,4.478144779822124762294666568746853423460104325381528930075791856831542E-11,5.427304246448718720873794908724395409721498578193944926201423271551323E-11,5.589870162779343306547027363160196294571072326302906783755038819631601E-11,4.602321708163200712278189226943768797328271554114889897250999500641811E-11
17074399-0,17074399,2023-04-18T15:18:47+00:00,0x758e8229dd38cf11fa9e7c0d5f790b4ca16b3b16,0x000000000005af2ddc1a93a03e9b7014064d3b8d,0xe96e8586f56311ff21763b06c2e1969158cb0c926382ae6a4b41fc9f24bfd85f,0xd35cba7cc1210aa50eb4a68ea496d4ef57cb37513c9c10b6200e88cad0d1d985,1,21.047802269458770751,415003094005.409850173322267526,415003094005.409850173322267526,0,0.131084946021364595,0.129332336286936415,0.00175260973442818,-0.117995340241167312,304.696437575001179592,690.7794011959146636968835079713190193368773425373230419994081275206332,4.730699958375137130393759543673255614369071333685576449541134362413069E-11,5.405799666327829133918901713189471021363453558955369759699247481688052E-11,5.472284174676131599911253385379887790702398322035839044369967488087419E-11,4.786964531851187002574133157977441673765406298757488219840389812462138E-11
17074709-12,17074709,2023-04-18T16:22:11+00:00,0x758e8229dd38cf11fa9e7c0d5f790b4ca16b3b16,0x000000000005af2ddc1a93a03e9b7014064d3b8d,0x99679960946430ae3eeb989de636d23f1397180f0b68c60ee9cbae3209c94f76,0x0dbb3c18c2655a7fef5e6abb716deda94dfea30ac48d0fccf1d8324ba6c624ca,1,5.02206510305404663,78600503336.321445199951506142,78600503336.321445199951506142,0,0.053341309873453399,0.051000416336566424,0.002340893536886975,-0.029669102557057661,354.248344770053320254,141.7667909306372882920466144466451019582497647635112483609625796651977,6.281404517060980077698023997742083874870299175743255303609392638379218E-11,6.460494919162634927183162453941234647397140128000764869592494010024792E-11,6.568675773573520862107151378447300498764932476956609528270598933003855E-11,6.385641655299034079666050498934259702610312961570483001619823911973449E-11
17074801-19,17074801,2023-04-18T16:41:11+00:00,0x758e8229dd38cf11fa9e7c0d5f790b4ca16b3b16,0x000000000005af2ddc1a93a03e9b7014064d3b8d,0x487b2c79382bc2076dcb7f185fba9d70fbfa0f10495f566babcb7830caa93204,0x2b28720e43a460ce5252ad69f8ee4a7462733cd06b37e6f084e5bed71609c067,3,7.424216866493225097,116179932687.018810679133308296,116179932687.018810679133308296,0,0.023680740979328616,0.022596799835267561,0.001083941144061055,-0.043582885557907358,359.12363024560269567,206.7315052873530933943534216983536540722649549929561974834647668153393,6.242440142350154759186984334851142216922911287885539638730350954431611E-11,6.502814684207818580462788910931352579588428282496243361047326750297294E-11,6.562684217675257090238131574845081354220032667212764819077479197019140E-11,6.299511877268578661801635532779978083452156127914085960541193248209974E-11
17074900-0,17074900,2023-04-18T17:01:23+00:00,0x000013de30d1b1d830dcb7d54660f4778d2d4af5,0x00004ec2008200e43b243a000590d4cd46360000,0x5df1c4902fcd7978688383e7d80f42f1d5eebbef7802e8dc99695d2a807bd740,0x27a688a1e0be0442bcbfeaf9daa2632749a80a1cec18fb0a90d80d3da1824413,2,17.850421686351802193,222964833571.310270718859443609,222964833571.310270718859443609,0,0.198776322501741197,0.169431057294199475,0.029345265207541722,-0.102383022259972672,398.484150462070172937,447.9581349886311137526228602553618153305856255730373269952652134117294,7.640674678990749137911924599435306152588469525418492296138892399400646E-11,8.339474621051174920832603004268830902995693215828342869236843589381026E-11,8.484100603535427998455244549141188177597068135738118256744925345870108E-11,7.769459138579003472209882222081435179829302959474764868036582948696131E-11
17074938-5,17074938,2023-04-18T17:08:59+00:00,0x758e8229dd38cf11fa9e7c0d5f790b4ca16b3b16,0x000000000005af2ddc1a93a03e9b7014064d3b8d,0xc30408e0a393be2309e31560874eb8c46c1aaebcbdc02c854323ea5f9ddac221,0xf4b1cebaa1d9cf7b1e0d5b58548a8ba22d5379ad85c433003bba2fdca74227c9,2,11.436284363269805907,135455270101.909036719061587278,135455270101.909036719061587278,0,0.055228154088372186,0.05367933570737169,0.001548818381000496,-0.066675233384305194,412.030247023710158145,277.5593405066620830192719749177490418365661801781090955301115771675814,8.190857904217081687246366193659444848284623380555440749717482818776719E-11,8.651156932965068816273370357097705239706157813282772783958115781112282E-11,8.745183882075482859006512617961731716903672282506000432274495862569727E-11,8.278812444950253192993814553069700779979740399470443622443367894170058E-11
17074939-3,17074939,2023-04-18T17:09:11+00:00,0x758e8229dd38cf11fa9e7c0d5f790b4ca16b3b16,0x000000000005af2ddc1a93a03e9b7014064d3b8d,0x9932b99cee3ae94bbdc3f751f0df3ada51b3884c1afb15087c9e62eb4f14b248,0xd63997e6c89e7c41d7b300c05dd07a07595f59dd17d4cc518e22d9b9795cef00,1,11.379495263099670409,136955181979.716893443787116327,136955181979.716893443787116327,0,0.385964760718452749,0.374494358289779434,0.011470402428673315,-0.066339671255014901,408.957156373960091905,278.2564160020222489730142956789262837181650455556153526411543485437505,8.060379946964447342304779786818011142534603762546553151227266773322779E-11,8.514499736526391657197443946696766638185467218054282239713897896011763E-11,8.859688636241725613977277188215922913395747255253579292951273100190735E-11,8.379464289478140255858665341535693002866001842301079361808563889706286E-11
17074940-5,17074940,2023-04-18T17:09:23+00:00,0x758e8229dd38cf11fa9e7c0d5f790b4ca16b3b16,0x000000000005af2ddc1a93a03e9b7014064d3b8d,0x76acf5b41b186637bd8614894664c8308bb309923f25c2939948188cc92bcaeb,0xa68e8f1326c76002ca51693f4d7ed5235e244b52ea5fa9d4b5c893b181f3c378,2,5.60672651526845844,67460458286.573584100547603473,67460458286.573584100547603473,0,0.111467150559118046,0.107059141005153032,0.004408009553965014,-0.033141719648000262,412.11964521687241645,136.0460871094362433026199620203756125739502584605943818221740905142514,8.175308591025678738530753519804249153828411142787220668511378107870949E-11,8.398927265038546783822998528601426519034120483358486614432548272015277E-11,8.618330528268130732100854644128318759461398538567382565914525665894498E-11,8.386640448749345318644912479494844362411602026118925923842341775512926E-11
17074959-5,17074959,2023-04-18T17:13:11+00:00,0x758e8229dd38cf11fa9e7c0d5f790b4ca16b3b16,0x000000000005af2ddc1a93a03e9b7014064d3b8d,0x4a7841f285e375b7e27e2a9b15870654d5e44e819c6224a5a2dfd5fcb5f579b3,0x347d57828e247fe31e602bf10e76e5dfae8a812dcc0874ae049d8a21b82ee2f4,1,9.015798568725585937,110260907207.607530407147880989,110260907207.607530407147880989,0,0.064076762767139002,0.060580156874424102,0.0034966058927149,-0.052851785991164787,407.661009295404759515,221.1592073597707670525804406113938396816323025386392680638180508999138,7.976379999965578215185798686742255331448065587664841127079613389887711E-11,8.332550415332902408820028210026066246550932985009218672047495906443189E-11,8.442446626085383104826450821439207343957805868011774776427175983275524E-11,8.080341548426735495452524905366512053280842238950602540950477274265572E-11
17075039-21,17075039,2023-04-18T17:29:59+00:00,0x000013de30d1b1d830dcb7d54660f4778d2d4af5,0x00004ec2008200e43b243a000590d4cd46360000,0x08fa5af19f36816ae6aede9f1112fdb6dacb20602a79c26966964bd767420038,0x3dafb0a0348bab7316032ba380ef6216ad454b24e91ae3ad2c11576da6f0a8b9,4,2.072389302180182537,26064642017.979559050109654631,26064642017.979559050109654631,0,0.020338364321512774,0.019047649737095631,0.001290714584417143,-0.012352952176541214,405.641486148812386562,51.08918522746739417277576544059417674233857609833566663782959086058406,7.886934453147447059332859276349690057522174527053578852788239230367366E-11,7.967606222748331998733308217901391068204737583060091076756376508874157E-11,8.094370042425156436159405612801189600422578291864018139568737338312907E-11,8.012017266203723510545645657779034427206514409817327009609336591517716E-11
17075066-1,17075066,2023-04-18T17:35:23+00:00,0x758e8229dd38cf11fa9e7c0d5f790b4ca16b3b16,0x000000000005af2ddc1a93a03e9b7014064d3b8d,0xe2255c4b11b72b8ab6c2374646c45de3e64e27f40bc4bcf2e10db72ac100a836,0x90e620173e196e9345649b62401ee34a64638bec3aaa13b99a04679163df735a,3,16.765300765931606291,213874384313.656767307462380727,213874384313.656767307462380727,0,0.325462558327747119,0.321271625901925791,0.004190932425821328,-0.096387451068398832,396.27406137681145699,423.0733827917572559122156487484900755490109774553777806605793856348686,7.499025440222669081232630244345643281519356554382403816537275719706275E-11,8.145983580337141211773244185102521952763523316372234791770193899280089E-11,8.356459030021778306546599072504389954443669152528593077433305725012232E-11,7.686690364068477312911704189704478489790825016164476320841005375116171E-11
17075396-3,17075396,2023-04-18T18:42:11+00:00,0x758e8229dd38cf11fa9e7c0d5f790b4ca16b3b16,0x000000000005af2ddc1a93a03e9b7014064d3b8d,0xa398ec532a213103aa4d1c471fbe3a35017ef38c609614ef4928476cd5406fd2,0xf6102170aec6a10f92c08230dd3c5b5b575917112113009f9a8805509b82628d,4,9.944085992574691771,124344074730.4319374689729017,124344074730.4319374689729017,0,0.220427266409303199,0.212838946019979845,0.007588320389323354,-0.058154774762498682,404.741255518027040314,245.6899527044083476878301015961377776359240169819032202197297627364120,7.782604649369723493323306606706108221826841649954399827594023000903955E-11,8.169136333784793138405082505909917887320556326573998661237704247383913E-11,8.402171346127823625368302992681855796806486959606294437770261644396499E-11,8.000360380372643079659123006442932965688873448099300601613997931698536E-11
17075455-11,17075455,2023-04-18T18:53:59+00:00,0x83b4f74296738d8c2e15bd7c1f4a19df122354f5,0x07bae765074790b76c791834ab873be27493c163,0xb4ae7b2d095e5b42a2888218958277d561de0d45875061bd66e88e336005ddb3,0x068e0a4ddc425d76849464514e34e5fa7f45cb81cf0b0c4c4b25b4d30267ada1,1,6.392515806007552964,77218386018.630574570098906128,77218386018.630574570098906128,0,0.023845352829655254,0.01251667313632134,0.011328679693333914,-0.037719889046307144,414.906609691893396255,154.0711971485483996708694895927217796061507209662037014774967971420831,8.128788317529617550498245244575731189356238275717046610835537793549462E-11,8.380818840944809397888625925884235314920399128717755952799287115826485E-11,8.462632750029475583673228151715984551320189399822112166142183796197380E-11,8.207682457572114590278120450280590514437682367381495147638033795574327E-11
17075672-6,17075672,2023-04-18T19:37:59+00:00,0x758e8229dd38cf11fa9e7c0d5f790b4ca16b3b16,0x000000000005af2ddc1a93a03e9b7014064d3b8d,0x46da62b72360bd92fffac62b929d175e65a2afbc4c2fadafb3be48366367ef2d,0x4fd5ab8ba2934f55c6b314313c6aa3696e6f5fe0f11024fbb386874f2137a639,4,2.708238296148370445,28305797544.45619256675649059,28305797544.45619256675649059,0,0.020222911067330493,0.018810997896717603,0.00141191317061289,-0.016128570552019732,450.000408190732615748,60.18301865629606246506773797619496704944067112629709250340221530967806,9.482187742670859550304724964225357620650692585686808007142288943197228E-11,9.596492293132524127746109821152477798135765313062967150813335522355927E-11,9.726463218140391956584662617616165640621111692878034478472312130926349E-11,9.610183630126906367102217384121690147806941790374570024693040890465857E-11
17076120-20,17076120,2023-04-18T21:08:23+00:00,0x000039bba92085a7c622466903aa40fd6fc6c7e3,0x00004ec2008200e43b243a000590d4cd46360000,0x348bc824dbe4c69d9573e5382341fc2feafa807fa3a37ac61ab1842725a611bd,0x2b13a87d64fddfc5ccf27d27f5e0438e0505eb60526f653e21f30d7e3c983549,2,1.873794122336629869,19821433404.656250476329722648,19821433404.656250476329722648,0,0.017455412262820437,0.016691893533712952,0.000763518729107485,-0.011179989924797605,453.565533393157424763,41.31253334702566446742730945633244384610340039806261029821292668796542,9.386352260013069603270744761425252563373890553623602084432830893745233E-11,9.463950444627050356599571117000894068849580535680948285630894546163504E-11,9.609748154965188621271748694741985117624206450778685447148625095098460E-11,9.530591275413910524184804296297821422744408049756929673038881797663534E-11
17076157-15,17076157,2023-04-18T21:15:47+00:00,0x000039bba92085a7c622466903aa40fd6fc6c7e3,0x00004ec2008200e43b243a000590d4cd46360000,0xa09a38d68728217c8f7ca4205043644c579e4cbf2537a04dad0bdeb40d27a892,0xa23f0763f72062c018d0f9e349c8308ba8e99e0d95be6626801eb4f6a0c7b238,2,3.18243099532552626,32693492472.837021479060856026,32693492472.837021479060856026,0,0.014018137116452815,0.013508242360280048,0.000509894756172767,-0.018936571286832376,463.028433684383031642,68.73078981354278150831938064345859475728142643868829156699389037202192,9.638889512075330847672052937742735641311118870852830799604497170565384E-11,9.771642430916948743493263984252585694457644968630741770185922904855750E-11,9.873784161407138736636136701799330073586807894440250449025723249597227E-11,9.739352912284843052641730130546145754973311913320562786446917511585145E-11
17076191-17,17076191,2023-04-18T21:22:35+00:00,0x000026b0b3f1cc243a56736a93aa28e4d97a7d2a,0x00004ec2008200e43b243a000590d4cd46360000,0xdc2626d682f3a1d7b3c7741cc15d97bd8dd18960823705ad29e42f6389daaa87,0x2213cd94158d2e812985fa8622fb75c684cf18797d0ce6869b4cd2a81093dde2,2,6.028329228720584405,57929077014.046524839073974275,57929077014.046524839073974275,0,0.019735496230273913,0.017845366224745826,0.001890130005528087,-0.035668643077091477,478.069697317412393141,126.0972879592094332435329608514130964348478756415007006904085410316837,1.024636072355079376126739796911036174775751554663636231572959003430123E-10,1.050600510937777207931657093746493317539572890237423743384284375910180E-10,1.060374484453624757525336252135577759595751531297604165964461195107310E-10,1.034126831398760630618040670027733177862499097206489122118683809686959E-10
17076295-10,17076295,2023-04-18T21:43:47+00:00,0x758e8229dd38cf11fa9e7c0d5f790b4ca16b3b16,0x000000000005af2ddc1a93a03e9b7014064d3b8d,0xacbaa3f586efe08b006a02e7a00049774ee320eec1012f10caa5256af2c9ccbe,0xa0c8cc30c021bb1541791215d5b1de0e691d6e054826cbe0a3fcd541000a48f3,3,5.450752171277999877,53930691937.225611733317687441,53930691937.225611733317687441,0,0.036977796776724056,0.035510034734042541,0.001467762042681515,-0.032285990306220726,473.463433144474399583,115.1250928731118504355964761559845786377626171377463015998986284344705,9.962289852629596367002012097747865488970876316127423033788081526216484E-11,1.019264410820506704521236847672547008933853920768777588496460202199945E-10,1.032368304487846946941735327649484900057028711820346517319335528473364E-10,1.008959244466015749321914288829290666083105307227253340286035216848205E-10
17076316-13,17076316,2023-04-18T21:47:59+00:00,0x758e8229dd38cf11fa9e7c0d5f790b4ca16b3b16,0x000000000005af2ddc1a93a03e9b7014064d3b8d,0x553e8a74a3189c4415c7315c1e0ac10d468a95b8eb3b1b14cd4c70dc609a04f2,0xaa0ecac3d2352c72299a4b386b6d7d7660d2001d61d6df3df734a23cb7bf9dc1,2,12.444286967111434203,124003043775.486238482408609069,124003043775.486238482408609069,0,0.036030279204022551,0.014877403872710624,0.021152875331311927,-0.072636538505062213,468.653123553103190572,265.5329996045864240331748188579443378957763468924201615335693632260361,9.747315627298172575428590437031275853775493286535097813282634971539708E-11,1.027103794584900220368906156880280301317107681186756486498515873886147E-10,1.036243503904997983491082059580837587537113672189350526002704573088106E-10,9.833331330129720561666242288030244935319956120843237348397886090828072E-11
17076597-4,17076597,2023-04-18T22:45:35+00:00,0x758e8229dd38cf11fa9e7c0d5f790b4ca16b3b16,0x000000000005af2ddc1a93a03e9b7014064d3b8d,0xf3c5578e465c032c6937c47281140f3723f7bb9a9b03f3765afedf3dc288d3be,0x51e541101eadfa5dfc8bffd68f8e7e7f1bea0e2ecca9ac7be1de1109150fafc2,4,4.246519307136535644,49826946182.535967270117339161,49826946182.535967270117339161,0,0.027842913567262982,0.026552749580441865,0.001290163986821117,-0.02519647017569633,435.124921370535850041,97.59310714176173680267080580184433861263297623581665994560196987022708,8.415089061516188783288703918577524653796919038290948315421443636366560E-11,8.579892706291317128055920027394206907474926749368538079420606740256777E-11,8.688220414577278588397793008540184464311295430530302316119368402559406E-11,8.520799060269594089543756506122267533083210848037951346537360648028245E-11
17076987-19,17076987,2023-04-19T00:04:11+00:00,0x927300011e3e02c4858a1b000027cc007f000000,0x3c005ba2000f0000ba000d69000ac8ec003800bc,0xfdcd513451415863510b07eae67b3c4a618dca8cbeb5d62630a3e38ee2e455e9,0x24ff6a95d6903aed013cd1d358c44779120f05d55d225b37a3ea885baec732ca,1,5.07058051419196416,58362402196.523313325555371654,58362402196.523313325555371654,0,0.030502264621550213,0.011662398683661904,0.018839865937888309,-0.030035861765330716,442.669549092620568916,114.5455006920080065392935955933656933501591248750463833123170542858483,8.564224930202361809893646132411235798201121005452411914674151539564141E-11,8.761249631494051290131635217499338643437199759850856342157108874149109E-11,8.867074415615609100619063300310935100324318881182407755231421879722237E-11,8.667082995330412023176670198643597499730606641810824603259268792537802E-11
17077368-5,17077368,2023-04-19T01:20:59+00:00,0x758e8229dd38cf11fa9e7c0d5f790b4ca16b3b16,0x000000000005af2ddc1a93a03e9b7014064d3b8d,0x82c5b12bec252aa48bac89ef10f4b269781b2e1714b1755edebb638d7606745c,0x889c029500f0fec6894311a66ad6011ebc355ae05c14a697f4224d304ea177b6,1,3.268829807639122008,42504899732.194746492147713794,42504899732.194746492147713794,0,0.034801191986517743,0.033949803234673335,0.000851388751844408,-0.019431642442522628,415.609960047632689429,78.65138283174167238055186732372849246476871563931553768258409353671728,7.607749706535362757600383561691450006165782720201791487472717937557482E-11,7.727711412042567696530256223281979201952439195850537746163606109943241E-11,7.857195542369606078883248440617265840148331490957995193851168720018850E-11,7.734584242903449799569779798382841749983892513022833676595582033365607E-11
17077545-10,17077545,2023-04-19T01:56:59+00:00,0x1114c78d5de672996d812dc2e1a05b5f33eacdfb,0x000000adf684e05b0e33f8724fff2e9ce8cc6248,0x1ce31a50a869431eea99f6ece96e460cea50a10ecd67e3dbe319722628d01e56,0xe23d6fcdecb5f443f27886b237fab250dd6e4d6a80aaa3785cea8bec63ab3885,3,2.09007713788976821,27027451252.227048645435295661,27027451252.227048645435295661,0,0.021784533512107143,0.020769633036720745,0.001014900475386398,-0.012459911189460917,419.270508660065653379,49.85032561840289121774573608190919966544202689562663040991215428119066,7.671834921941158419209445312480521688408672686855471675276402491035248E-11,7.748398960056987713090574233718324859297894179881231777847906559757192E-11,7.876431442850415870378061700900851226194314862630825645777260496627236E-11,7.798201285870694840658551606448999642248150439603830117135157579734469E-11
17077795-5,17077795,2023-04-19T02:47:35+00:00,0x758e8229dd38cf11fa9e7c0d5f790b4ca16b3b16,0x000000000005af2ddc1a93a03e9b7014064d3b8d,0xb04fc456cf84da1567cad302b0096d8329386b505152a4a03f03fbe8abf0114a,0x75f4a1a5783cccbb5b8941ba8d08192112918402cd79be2edd4dc999e7f1eb6f,1,3.74521636962890625,42556603557.221615615573525038,42556603557.221615615573525038,0,0.043841069848678616,0.042886067924264328,0.000955001924414288,-0.022251985108054351,446.317174326715380729,83.91378564534722133383262463145691730601478031496209475393358866639807,8.701353845165967220595998214309423952634005437403108149198284317147013E-11,8.847778374126439410170055081498304193526400355430371135472686254429804E-11,9.005511291946434123041125872702329497694853529790833619279691806940009E-11,8.855617747973859676263465210166451871450317782002579520131351488304134E-11
17078188-0,17078188,2023-04-19T04:07:23+00:00,0x758e8229dd38cf11fa9e7c0d5f790b4ca16b3b16,0x000000000005af2ddc1a93a03e9b7014064d3b8d,0x0f208bbe57b20776cc1a1ff4ce5033c8318376e00d2188855b4b77109c9cd25f,0xbae38060278d8267b7277110e0f04abffa295758fab852d2203b7ca9efff8930,1,23.898803394348035915,225793686592.994841836979850848,225793686592.994841836979850848,0,0.415248004730454799,0.410892018637281249,0.00435598609317355,-0.136539118097180723,488.59184277803303409,489.1363568098955597737305738584670182493551899199716506942338024620141,1.006191282462216493015170577214532798882245660554973166480857973469964E-10,1.106876715271975396649969239009939670313617968344513477984299732808451E-10,1.133199479461085261245043840444491489452469486960405478901476717128000E-10,1.029279018895336465561564121235812640743083376868240713764554023182253E-10
17078316-1,17078316,2023-04-19T04:33:23+00:00,0x927300011e3e02c4858a1b000027cc007f000000,0x3c005ba2000f0000ba000d69000ac8ec003800bc,0x2183d6fcdf6cfd864528fac2a6f01fe254384f11351bf0ee3fd83ea0f2c8d6a3,0x665c82615840feb8eb0001b911239c61cdaeebca2d640af7042fb0446d15944e,1,4.583412386405600768,38161154009.91455151514255305,38161154009.91455151514255305,0,0.026109999655464638,0.008985532706747601,0.017124466948717037,-0.027226086778236188,532.051400240303299532,86.14604499368825798857888822609852278857324412377216902427889032005813,1.187267196460633338500856580628025035506141653680311782680566434987388E-10,1.207780032060984725219828765455281579414074680409834675635211801033840E-10,1.221979382593388863110262629431216476098715720281967165725994642972396E-10,1.201167307720926756669572740832430876794946352699555600055672565748344E-10
17078329-2,17078329,2023-04-19T04:35:59+00:00,0x000013de30d1b1d830dcb7d54660f4778d2d4af5,0x00004ec2008200e43b243a000590d4cd46360000,0x0e868da51bc36ffa7c272120adeb394bae055cca4834ad7488b0f7667b04ad97,0x9fc5fae19cc0ebffd38e03696f66cdbccdac79ad04e713f2d67edf86865479e4,2,4.478836952857540863,35102391316.649104097057179099,35102391316.649104097057179099,0,0.074792054264210157,0.063274689632669912,0.011517364631540245,-0.026616768997860271,548.746039443379476769,81.61948571693836638093527682556866132426915916410245572359688918640855,1.261839023119478181319980351378078381966391145054653380837362307152061E-10,1.282490064608034748659598896497008914157003481298331944514688635869974E-10,1.311821365526510048484042947669481157829513651528734525758326318032035E-10,1.290524433307165154676190887564484926170556478345884575421577303202818E-10
17078376-17,17078376,2023-04-19T04:45:35+00:00,0x758e8229dd38cf11fa9e7c0d5f790b4ca16b3b16,0x000000000005af2ddc1a93a03e9b7014064d3b8d,0xbb5c444c851712bb3c66a0d8d6f52ed226e2735d4ae236c8d03e1d313bd20651,0xf054ea52cc6b859ea102a88f5f34482c2488decfe1dad98f8062d2674f281f49,1,26.245114922523498534,204458754692.697898721514823803,204458754692.697898721514823803,0,0.029062161701018997,0.026712984896372418,0.002349176804646579,-0.150009417922633576,541.645984681216181473,484.5436994787281144584282070073656364835678359419825468297767818018347,1.220811491526922125550310763713320677492287408876920689385263038050110E-10,1.341798988028012916085198419499852343674832168067739850834259699682136E-10,1.351224094394590795862271342504153497430372661781326437209105846988314E-10,1.229331132674124996380079639318665655086754929932345186356798012535990E-10
17078543-15,17078543,2023-04-19T05:19:23+00:00,0x758e8229dd38cf11fa9e7c0d5f790b4ca16b3b16,0x000000000005af2ddc1a93a03e9b7014064d3b8d,0x9af4f3c97b2170d00a2e64e2bc35eca0ca6a33a7b7bf51516cbd0d57ffda7de8,0x9eb4cae22666c47b5a222b70bf6cd75eac4382fbb620705984245d979ab9ed26,3,6.321175906264299859,44057156023.066968205618304079,44057156023.066968205618304079,0,0.035116373493303576,0.034278184566232128,0.000838188927071448,-0.037466834667977911,583.679539220560523466,108.2987406874931959080681565423234720931677243721786245283069214581133,1.415182553079130406271522755204617299793541897297239191455654827436488E-10,1.445954555401689827727297026987523206504976751004545121845390498559915E-10,1.462746853969958560202298883564905119350998252109921684893219331288272E-10,1.431532832728436767061801987593501851732187869056970454930948741138831E-10
17078554-0,17078554,2023-04-19T05:21:35+00:00,0x758e8229dd38cf11fa9e7c0d5f790b4ca16b3b16,0x000000000005af2ddc1a93a03e9b7014064d3b8d,0x398304085f1b36095a861906f0962fd201fea26eb1c3f28255ed5bb35eb84e30,0xe9c734e8da7317c615b80419a5afbe1def2ac67b71e899f93cd5dcaffe97effd,1,8.824288484430646534,63672230580.477582641822098096,63672230580.477582641822098096,0,0.045540010022655429,0.044282096177162589,0.00125791384549284,-0.052068606530931097,572.536568810696151451,154.1261984847698835380312472519110574252338164021185942292184491794528,1.360824160858635323961876811036990053191661110627055671654000804227594E-10,1.403031262634719446823328755655093054155810084946290700092711533723129E-10,1.418762301674698191763023802062373308185607015492267098481024136560213E-10,1.375974966669391155714623625669677683029776940179511070236052682219108E-10
17078563-8,17078563,2023-04-19T05:23:35+00:00,0x758e8229dd38cf11fa9e7c0d5f790b4ca16b3b16,0x000000000005af2ddc1a93a03e9b7014064d3b8d,0xd283e35b4311d05452052c3b5bba621298c2e7bc6a01727391b716e9ce98506f,0xef0d89e41b0256d1e46b74ffd748e5e8a22e7e710087ff084223a7f0ab54f89f,1,2.622912561893463133,19352451706.076098464560078866,19352451706.076098464560078866,0,0.037302506940749678,0.035946922934830596,0.001355584005919082,-0.015642236464094654,569.32688224185137107,46.07041479519043393074767952394073722468978342178859073093807156648460,1.345094311720896949157629005896083267066260219780124667470837329447248E-10,1.357497995332466819037015128516479829596257082339199836792261535666908E-10,1.385127972603060501365024802484355093527807371984424424779095080909857E-10,1.372382843186217551979665952745398563811095824454653752663247400964223E-10
17078593-0,17078593,2023-04-19T05:29:47+00:00,0x83b4f74296738d8c2e15bd7c1f4a19df122354f5,0x07bae765074790b76c791834ab873be27493c163,0x79b8232607c73b543a499acfc855d5d8c769eda92d0ba4b2e547ba6ca6b0be1d,0xe3530c63659122329a3f0ac938b578a2a985204f517a9c89158a7ec0a76ec3d3,1,6.87503107620533694,56415840197.882852956879645099,56415840197.882852956879645099,0,0.034162858599474736,0.008912740710866895,0.025250117888607841,-0.040671970962664463,538.29983892751801917,127.7175020134282204988599126829376169067369128763941332275973051593782,1.199702641796947917387184898372632540735036931530340255675317718397032E-10,1.230496385345051279972919106927280226728413745999194977988552878219712E-10,1.244055624621169139584801983435821334243456597534316188150296514953338E-10,1.212847113503303810519485072731719936102222381773626981515792169241214E-10
17078715-15,17078715,2023-04-19T05:54:35+00:00,0x758e8229dd38cf11fa9e7c0d5f790b4ca16b3b16,0x000000000005af2ddc1a93a03e9b7014064d3b8d,0x2b6c9aa1626da1f51b94ed37e95d731e428d40d4a54681855ef3660e9918d005,0x77521e925bd5b7647ae557245522e131e1660d8e32fbdeab09e844edde2e95b9,3,3.446481231761276721,23855612629.282590002788096313,23855612629.282590002788096313,0,0.025834176385106712,0.024862708362738339,0.000971468022368373,-0.02052864884030853,589.897674874272013887,58.42506893243549987781917984997425704534708127677379004084275698102634,1.432049681779936448122669774302129568704542885012918570887206332885392E-10,1.448806837979272437025078514199188162681242842927073212881041625765778E-10,1.468470547839645736398862130843126891161486517457001402643084810668904E-10,1.451423109604742366468917781188041279974564529815824650825075676944081E-10
17078753-33,17078753,2023-04-19T06:02:11+00:00,0x000026b0b3f1cc243a56736a93aa28e4d97a7d2a,0x00004ec2008200e43b243a000590d4cd46360000,0x247088897a03547a4e8a4b0546bb8711d371a3ac5ed149769427f3192e29dff8,0x356cfe864620eace98f6b6c0c0838720a430ed48125854429e59bf4e5d7ff3c4,4,3.122948149249760009,22872492511.650409646872371115,22872492511.650409646872371115,0,0.013671991628207786,0.012609222923246563,0.001062768704961223,-0.0186089602303836,574.094893635258513103,54.39776914709630441790979869513030375930808641947841508682069898702833,1.353933781550993369838910418805734770429597438127385615280483941933764E-10,1.368681826010794395061823899627576178095928511027411213742616081933038E-10,1.382952891930036587520610818810366434171984715089637925185701467131242E-10,1.368018900675887272930803627604960553314544691195178593706818665432427E-10
17078818-249,17078818,2023-04-19T06:15:23+00:00,0x927300011e3e02c4858a1b000027cc007f000000,0x3c005ba2000f0000ba000d69000ac8ec003800bc,0xc79810135542f561b1eee3def7554369ec3334dd28ee8d97c5dd4eb1e49db03c,0xe7b26d58a3506e4efe586396e182bd41c20ee15575178ab6abc92c692e50079a,1,7.951583750522565632,58402828962.931034341951236651,58402828962.931034341951236651,0,0.034402479934823375,0.011813878051754704,0.022588601883068671,-0.046987962594134682,571.391108537122383953,139.1618390926705102860316563169647169990729701878208825078761103527941,1.338846350120874596357511090369132025123517189692904037848538448067689E-10,1.376312222668105654465177722619756395834278844579425394417593566804857E-10,1.390581502825180927574200404298091324831301245930145201392717973886946E-10,1.352647580575560166766660312444056269844723409380959328658674738254660E-10
17079260-1,17079260,2023-04-19T07:44:59+00:00,0x758e8229dd38cf11fa9e7c0d5f790b4ca16b3b16,0x000000000005af2ddc1a93a03e9b7014064d3b8d,0x98af9c195918bee308644555cd1821ca4ce99b0783cc078e4d77e40288c72398,0x1556ef840d7cb26935591ef4b8d7be76164c00c89e506be2ec42a40d59fa286e,3,3.576298991786509252,25123508377.398226550894437461,25123508377.398226550894437461,0,0.040997868391333701,0.039717579957015438,0.001280288434318263,-0.021296814254535063,587.822902470889524452,60.83973551819234561577689699868207901801418710370800131456189513201130,1.410659961544777747793589883607387538484481198976691645322657933563968E-10,1.427851108642268723670088887647721119201586358806360431856121550676141E-10,1.452947798640465056990530287060236032887601557864259542584330480923419E-10,1.435355502248751502360705323475734508453873063957464665139006483888167E-10
17079275-0,17079275,2023-04-19T07:47:59+00:00,0x758e8229dd38cf11fa9e7c0d5f790b4ca16b3b16,0x000000000005af2ddc1a93a03e9b7014064d3b8d,0x5861d8e2c566837cce9ee5c492dc923ae59cd3f41c92bc90f8bed39ccdf42728,0x513825d392628160852f09a218119b5851bfe0d893fddbe584b9a8866f374759,2,15.252683177590370177,102076967716.914751838280052163,102076967716.914751838280052163,0,0.281603885122945685,0.278437626997261887,0.003166258125683798,-0.089114244689954986,596.617496611935451768,255.6526294352266103856892414703472479103861484379304194530452410082373,1.452723039462071728140289756475358793169868165035753085061732007725411E-10,1.527836740876713530019936356737657238665677934483551074118672961930880E-10,1.565665764640849439915962697130719338165317959971607838806989540539227E-10,1.488007045533406770898517686508290408792161413530845047039584085694771E-10
17079278-5,17079278,2023-04-19T07:48:35+00:00,0x000039bba92085a7c622466903aa40fd6fc6c7e3,0x00004ec2008200e43b243a000590d4cd46360000,0xe11eec5b6666a0f1c7572c3002ccd315d68176b5575d7731900a7da516745ac9,0x69dbe5d23fd2b38830b8e63013d0522bea962ef04e7e4acb28a748bb38b05a15,4,2.936567145678033316,19158736478.936696671474322053,19158736478.936696671474322053,0,0.044879664837193219,0.037332203183055875,0.007547461654137344,-0.01750925955298823,610.518480337946071997,48.09956193385870177046242174267084438421647878154121515086562108652747,1.520864550779615625453959941311235998823705141111723646689091853548696E-10,1.535508269309380313619017901242287641776273967809107495415196350620153E-10,1.568406034632347471164988571981938516189365508858739643706913076573023E-10,1.553335610288061531157807185397461615865310019284685754659408251193215E-10
17079294-14,17079294,2023-04-19T07:52:11+00:00,0x758e8229dd38cf11fa9e7c0d5f790b4ca16b3b16,0x000000000005af2ddc1a93a03e9b7014064d3b8d,0x639250cf3fd5579b2f468884f920735f59e44f23d9945ae81f213ba14a95f4f2,0x64cfe4e4517e1679bc7a0573183317848eb50b9596ae2bbf1567c00a6d914230,3,22.642643544077873229,140627459471.880991017156017552,140627459471.880991017156017552,0,0.057861505586900639,0.05626168363422525,0.001599821952675389,-0.130874440161395189,616.536944112365221024,367.2552595639946174529084747556629977431444933216088926329594368379223,1.548583122461315966714385707108814250749879912274768064938559048346675E-10,1.664239971735054455432357361804510784309823679333140520823699893510762E-10,1.678444073542746134328860560998130360129485495955671637188751962779716E-10,1.561663191340305112380858210831207366214529354535366999968621480303457E-10
17079473-2,17079473,2023-04-19T08:29:35+00:00,0x758e8229dd38cf11fa9e7c0d5f790b4ca16b3b16,0x000000000005af2ddc1a93a03e9b7014064d3b8d,0xe7657a797089ac1a2b9e9ec3b0c82d2679a8ef0b6030749f7c287b9ee876e54a,0x8dd0c1ad755cb370bbe073e23cf35c65b9f4321f0096f7336340ed0e157fe943,2,8.873205184936523437,66848451074.947695783107587437,66848451074.947695783107587437,0,0.082893942001457913,0.079876554961274994,0.003017387040182919,-0.052356062538209018,574.850342194467524128,154.3567870389261282933829679636807526066996098521368623046437853861683,1.303321983188830048818785226763291998863224071908148762309500314405241E-10,1.343806547108423269773405237641613527800232454737654693612736393457382E-10,1.364569556289446008010216327335349166493573263935823075994338171435956E-10,1.323272218603037720504580389224612063389015933200153859982533763041117E-10
17079484-12,17079484,2023-04-19T08:31:47+00:00,0x758e8229dd38cf11fa9e7c0d5f790b4ca16b3b16,0x000000000005af2ddc1a93a03e9b7014064d3b8d,0xdaf9e5fd5e8a98b70836bb8e1dfe77eb9d828274ea72fbc02b20cc20a2756625,0x67ed64e9d27c36af20a9db944cf7ea54bb75afc9a70454069a79018dadcd03b0,1,4.780814051628112792,34942375512.260079427361406685,34942375512.260079427361406685,0,0.102615040026705748,0.099584849318740464,0.003030190707965284,-0.028411408726248988,585.883826091705884174,81.60003466079284563285238380925329992152543901761388579458105853816160,1.353086826509645938874217932823452316596926416413243161206287391421871E-10,1.375225915204723447826888874497262644964267266541683314042660422615974E-10,1.413297751010586523574952399238721325418135504188845203087577314995123E-10,1.390305616004369503570932046386131701028333910105394158359833317927162E-10
17079572-11,17079572,2023-04-19T08:49:23+00:00,0x758e8229dd38cf11fa9e7c0d5f790b4ca16b3b16,0x000000000005af2ddc1a93a03e9b7014064d3b8d,0x9e7d399dc8213e2fb0478ff538ed6e2bd4ef914539e6be1e023720abee378640,0xf39f0b548fa93e57d17934cb22207b42ee4e98a7cba48d3fa98af72210202f24,2,6.05466705560684204,44233650325.36960896338988446,44233650325.36960896338988446,0,0.02426503926594642,0.022547401421131305,0.001717637844815115,-0.035907875877931558,591.048592665964792108,102.4394124397937460797928587664619778535740824437291547098128623499384,1.350888800774176881616167282383422445387795201231514414564804317920331E-10,1.378665471239932177308884307374136837794179216596924287669398158152686E-10,1.392519001389720078934429358856448377392877140920556017812321287514495E-10,1.364408257601858216432404708718655418359247007397961883364279444939111E-10
17079677-33,17079677,2023-04-19T09:10:35+00:00,0x758e8229dd38cf11fa9e7c0d5f790b4ca16b3b16,0x000000000005af2ddc1a93a03e9b7014064d3b8d,0x95e0f8c8e67a0d756c9a8be8ab5d755cbbf9b8bb942dd6b0906b005be5e38712,0x5f4d1233f5c13b9a47689b090ff4d8f4c9a1598590520cc5743b5609a44d1286,1,3.464519977569580078,26485449556.851969047982531145,26485449556.851969047982531145,0,0.027298591221884061,0.026352033920012583,0.000946557301871478,-0.02063361036445564,580.871169027628174432,59.64351756981066359801240926953363806596631230671723629814759821597174,1.296450719993613754475662842296414920232318943470425664574715392958195E-10,1.311938479709815740072157271134050185393627538347273995184040622040703E-10,1.330252560503353204976787452469264535122161272619135486962389957204627E-10,1.314487520237768822583890698544348097812179603129281470533067997220599E-10
